market_id,signal_type,total_bet_usd,net_pnl_usd,vwap_entry_price,avg_P_model,avg_live_edge,avg_TTR_minutes,distance_to_strike_bps,is_coinflip,target_win
0x01895ef8b32734abc2935036bf02b5fe73e9584d8b4e9b8f79850c07579dd3ec,BUY_NO,3.03,-3.03275427,0.46,0.3109540593150927,0.2054466156182406,3.376664316666667,-5.129514212488893,False,0
0x01b472af3df65af716c4b6d8c4fe3bfaa01dd8bdd33a774bb9102ea35dacb0b8,BUY_NO,106.3,-109.68990699999999,0.6199999999999999,0.0879886412180115,0.2686898854562741,3.98448395,-8.06342744888964,False,0
0x0207d59c5a9a3fbd1a00336c858c21aa71d507553d4c02d414f9182fb59167d2,BUY_NO,18.57,-18.673453470000002,0.13,0.5828692407552228,0.2637465268943009,3.847164333333333,1.2807833952946517,True,0
0x023ef618bdfca746de48f641da5efe21b11205283178c24e74dfc6b8b8ae7bcd,BUY_NO,51.67,-52.47093667,0.36,0.3147144105145474,0.3019014543921192,3.84744375,-2.8193755809148255,False,0
0x0256f26843d6e6f4d987430bf4becc17e227bfc0f780865a478161ca61b24eb0,BUY_NO,4.81,7.208059169999999,0.4,0.335764281792462,0.2409146940094427,3.9854990666666663,-4.471541692948544,False,1
0x02f042082b485e232943fd606f3e0286d1a2543e48d2a68ec8c59258fc4224e5,BUY_NO,4.27,5.429075584545454,0.44,0.3887787090980972,0.1478736758466647,3.9273366,-2.1671388344916167,False,1
0x049fcc93319a1f2183d05cfa6c1d2286eb1681999e17a0a8ce93ee4675f9ce26,BUY_NO,1.5,-1.500675,0.34,0.4941209582497543,0.1425092005921504,3.8786788166666666,-0.12951537256989176,True,0
0x04eb2bba3f4b070827f0cc8f8da288b09abc1ae875424736ed66386604ec5337,BUY_NO,1.0,-1.0003,0.41,0.5272090827210956,0.0312159838857615,3.837241266666666,0.8897567394165802,True,0
0x082eb4aa10b8a3d742c7fea39659275e043e208d099204fa9eb7222bbe78cbdc,BUY_NO,40.4,-40.889648,0.65,0.1350797458122493,0.1914601444277506,3.681295983333333,-6.373394304717827,False,0
0x087fdd22b4a83850eb9239cba045862fc7178e2306c6757a1ca40ee258b8927e,BUY_NO,1.0,-1.0003,0.39,0.5539827380799166,0.0326982343162738,3.9898903833333335,1.4396747065032796,True,0
0x09d8db09b6a826b7623bc38ff46adc28db32762ea79da5cb5e7ffa2fdf38423b,BUY_NO,2.72,-2.7222195200000003,0.58,0.3308329229296526,0.0658490971084426,3.9921623,-3.2390800474752766,False,0
0x09d942192e2387bdff9670451853b4f152a624187bf476452f623756d12107b6,BUY_NO,1.0,-1.0003,0.36,0.5458783801958265,0.0707737829965545,3.9270164,1.323565752477915,True,0
0x0b927f62c9fc9619b23513d291154a96ce7e9befa2bab52b7ecee823f1b87f8c,BUY_NO,521.07,667.4658571428573,0.42,0.2952668582495859,0.2614181265123189,3.99869265,-3.408000099981141,False,1
0x0c89bd4e9d33254dc2be836324a3d705b719c9c0660450b9fe459a770b6febd0,BUY_NO,31.59,-31.88937843,0.57,0.1275657356866778,0.2790481128923698,3.842989316666667,-6.650736217742745,False,0
0x0f181c9b7bf2708f4ef79847d1a4ea00183302c3fbb52b022bbfc8e0a61c703b,BUY_NO,163.98,237.90316787999996,0.4,0.2688798272217564,0.3077824749953864,3.9491573166666663,-3.6242482963947906,False,1
0x0f1d75a7ba1f4b58a11f8ee1b1294ecdfdac731019f9292fc428dfd9f032758d,BUY_NO,1.0,-1.0003,0.54,0.4048656035228945,0.0317802519818672,3.9131009166666666,-2.314266304756414,True,0
0x14ac9163dd2423361ce547ae0f124aa1d06741a72d6295d622c2e203df1fa445,BUY_NO,437.85,-481.63500000000005,0.30999999999999994,0.4983629538836485,0.1681821480744467,3.692705283333333,-0.02310517991647364,True,0
0x17def2ee79df08f788d99d7ddb99afb059b2cb362d833d86f6e9851f196e928a,BUY_NO,4.83,-4.83699867,0.22,0.5416063674763842,0.2150049493236157,3.8374897833333335,0.7631667183222188,True,0
0x198816e903b7920751944df45218112f3d92c4cdcea347da08a4222e46d18503,BUY_NO,33.05,-33.37769075,0.41,0.2568136777404164,0.3098024860233931,3.84810895,-3.8175336155259703,False,0
0x1bcef73d7069bf23519353b9626ddd223e16f9aed2b6f4bbec72121bf51f24a7,BUY_NO,1.0,-1.0003,0.71,0.236693549873233,0.029772017334386,3.5186946666666667,-7.954796524234266,False,0
0x1db296f536f8ca5c9b6c5136752a05007069e11c8f5201124be1b37191f6cd30,BUY_NO,84.9,-87.062403,0.27,0.4887407615664041,0.2178897452069292,3.8794403,-0.17492546981194168,True,0
0x1f73b07b5757f99dc3ca65715acc48b5bf2358e7a42fd0928a002451f9ec1bab,BUY_NO,81.18,38.00712138447761,0.67,0.1900793142697872,0.1165516251816413,3.88037395,-5.490081188075681,False,1
0x20939474af277107112b1d0f8ac99d525130ca270ca18a69abef09de2c10948e,BUY_NO,10.98,-11.01616812,0.73,0.0612579486600569,0.1853563439266097,3.8439715,-11.310314840957709,False,0
0x20c0e157aec7ca7ddd93a54bb69b4a00aad81886b17c591babbd9a6ed35f89ab,BUY_NO,302.38,219.97171886181815,0.55,0.2778286275405857,0.1459271936851285,3.96989275,-3.4703458958772466,False,1
0x20dea724cba6a198b20f7dbcecb205eb50f4d2dce505f887327d3aa846a140a3,BUY_NO,114.11,72.16700570333333,0.6,0.2513780552538995,0.1252561716489576,3.887673783333333,-4.082869023781427,False,1
0x210580b867209c7cfb01aaf191b1ce394db1b046c89b0034e8f178552b57fc72,BUY_NO,2.06,1.315776100327869,0.61,0.2669520237302466,0.096676197004039,3.721758983333333,-6.822486722070226,False,1
0x211b4882d0267576b1e20b486ef65ac968c22ccde9a3e9211c7ece387939116c,BUY_NO,8.89,-8.913709630000001,0.41,0.4200492713888387,0.1466234598340184,3.9718422,-1.4271656553126668,True,0
0x2210e2e5c61cc86ac63972299812b8177611c0f97187c6ab09a414dc69b5129b,BUY_NO,4.88,-4.88714432,0.74,0.0469372261571092,0.1895226005171764,3.5062138,-14.61123177124827,False,0
0x2243f30d0c029deb179a526566458cbc337af3106d35d4489f2251c5520787bf,BUY_NO,56.39,-57.34394963,0.11000000000000001,0.5818147364371294,0.2847089315476325,3.645699516666667,1.2522513416327412,True,0
0x22b298c07950930b4e681ebffcfc7e39db144d74986f10888d2371e7ce588b26,BUY_NO,449.87,323.08845454545445,0.55,0.2065878554435262,0.2200976011355213,3.9996383166666662,-5.156230696266475,False,1
0x230c2d779b6c5e384976a766d5c06afe9ed3792a2c97975d5b9d9d73ed6b67d0,BUY_NO,1.47,-1.4706482699999999,0.27,0.5550124626865238,0.1516102794087142,3.86251265,1.229637034468239,True,0
0x234c00ddf9fe95c612855ff4fa222100e9a88b9038295d9c66c860077a598684,BUY_NO,1.0,-1.0003,0.14,0.7399117708191926,0.0788056325717915,2.394982933333333,7.7185089886969696,False,0
0x2443f5c0001a6764e39789693d5509a0961883ba1ea8264bd845368fe827c659,BUY_NO,138.75,79.26485383064515,0.62,0.1326301944060919,0.2240182044891462,3.918606633333333,-6.842378538177185,False,1
0x24e2585b7f3cac8a441bbefd993259aa7d2d9157e2e738803e09165cd3a7b2e7,BUY_NO,2.71,2.70779677,0.5,0.3677799863979148,0.10888444124399,3.9536514,-3.4087537638975483,False,1
0x250a2a336405892d9a993f08c87971d1eefac7481c038e99098e0779bdee56b7,BUY_NO,181.11,-190.95024963,0.33,0.3739055959767456,0.2698235412432543,3.917968233333333,-1.977395946565884,False,0
0x25a4b9634294c6f43dbb2b2da78f2020cc48ea30e99b6a0c5a53d60b6468cf0c,BUY_YES,1.0,11.4997,0.08,0.3247345489932389,0.2051448484780008,1.7064691166666668,-4.464500072974536,False,1
0x25bbcadde93b11215735cb0d9f1b717bc0b8cc548939fab9a986789846e0a7ec,BUY_NO,1.19,-1.19042483,0.34,0.5671074022766988,0.0695020951175869,3.833530183333333,1.8046262875295456,True,0
0x266e8885092662cf496fd258aa1bc48fc52c86df13111dfeae160f32ece39bd9,BUY_NO,1.44,-1.44062208,0.68,0.2337855495891386,0.0628756520032423,3.9466373833333335,-7.373245980578283,False,0
0x2abe2ebebd7c8c0b09b033558736ece1655c05f4032f6f162140a6171d7e73a2,BUY_NO,12.65,-12.698006750000001,0.39,0.3249350777055579,0.2617043525725372,3.8990230666666665,-3.001858546191336,False,0
0x2c3443e34360fe8e30f0df56814ad6812f5029110ee4948a5ef4bfbe31a8e314,BUY_NO,1.13,1.3261386691304347,0.45999999999999996,0.4027518700798785,0.107958821395677,2.3397312666666665,-2.4121981479516967,True,1
0x2c81ea6bf2d83ef363ef51a3fdcbd0038fdfba16448adb1018ad0f0d2f1f82a5,BUY_NO,2.38,-2.38169932,0.36,0.4155032011809617,0.2011345778361812,3.895392433333333,-1.8057241936085326,True,0
0x2d9ad384af129fe2efb0834b186c749517197ece2185189e11c294426792a516,BUY_NO,404.79,-445.269,0.42,0.2983102001309775,0.2583169320594986,3.8720626,-3.097591339424284,False,0
0x2e14f2ce66741a0540502ece3e658dffceccea8a60f1e2b799c9e4a9aefd93a8,BUY_NO,1.69,-1.69085683,0.48,0.3968856288197939,0.0997569347611584,3.905798533333333,-2.5075567886889227,False,0
0x2e541aaeec17123d767066ac79b58daed90b9a0c09c74620eac3f05f331ed0d7,BUY_NO,501.1,-551.21,0.55,0.2594864776984101,0.1671480502025422,3.888286616666667,-4.05512113403821,False,0
0x2f4fdb78780a6c192dbbdbb52e81f4a7f2780bdd9a29e38dea1413a3bcc3261d,BUY_NO,292.88,472.95395924756764,0.37,0.2763451578275891,0.3303290246105062,3.975013433333333,-3.497532433557338,False,1
0x305b7fd776290c3b51ac4f6fb9bd4b67d836502d3aed8724198f81c85a73c976,BUY_NO,769.74,-846.714,0.15,0.5144225479894295,0.3120853862048561,3.6113159666666665,0.21935060437859283,True,0
0x329c0c7058a7e5d60d8cbcc29076da8925d24cefad886f2eea3e5c4e2a429321,BUY_NO,14.49,-14.55298803,0.67,0.0904875966341528,0.216122228958228,3.834262283333333,-9.723222070033474,False,0
0x34e43691802cce83fd4e946bd1cd38cd28a34013293be8470a8b483e0051195c,BUY_NO,41.01,13.165453970000002,0.75,0.0151284620866342,0.2111030942409847,3.006753633333333,-11.811899267553512,False,1
0x39a87a60dd1c777e1521ba86873ded397fff59e964228bbc3af886f15927c6f6,BUY_NO,1.19,-1.19042483,0.41,0.4949342593079349,0.0717440025206365,3.9839466166666666,-0.1336130858742528,True,0
0x3af56f7defbf03967fa2fcd787e72f7a71671970745a184ebe4f1e0808f9b516,BUY_NO,1.0,-1.0003,0.65,0.2760719637534469,0.0498555350217911,3.2049855666666667,-6.425791983151957,False,0
0x41eef848c92378e6d2c5259960d4fc706853df491f505cd75beccfb31295486f,BUY_NO,409.61,-450.571,0.19,0.4849138846429413,0.3014493328961063,3.294876533333333,-0.213238389912055,True,0
0x438f9f097069802e07ebacbc7866996712d42a9adf882e489d613b14e2a90baa,BUY_NO,599.22,-659.142,0.71,0.1452113670835612,0.1212498836973912,3.5092785333333336,-6.1631037354261435,False,0
0x4422be33d31164ff5e07faa2c82eab0bd53bbcacafc63ab73a9dd7247a59f2b3,BUY_NO,1.0,0.5148515151515152,0.66,0.2817468948505041,0.0349228164104482,3.965358833333333,-6.122038502641099,False,1
0x448d4ddb8d0ecb0d5761b44db38691a4c1bd376ca76a6c34d87b538c214af4ce,BUY_NO,2.6,2.597972,0.5,0.3567250693441824,0.1199124106481984,3.894714433333333,-2.970233735184328,False,1
0x453fbfddec4ef9ccb0acc546cc775e586192fde2e22a3b4e78bcf98259aa86c4,BUY_NO,10.2,-10.231212,0.24000000000000002,0.5188442451210771,0.21829861202178,3.9654031166666655,0.33385092795101734,True,0
0x470f347a516ed9ec08412587f1d2e775d0ae8e1f9cfa47715f044d11b09d1ef9,BUY_NO,119.98,82.56350884551726,0.58,0.1768065905880993,0.2197138467680911,3.63868135,-5.344315775110702,False,1
0x4a476b1b4bd558ab4ba1d962f197f88ff709364650444233916236fe03774727,BUY_NO,46.59,27.903972860322586,0.62,0.0666236419312132,0.2900566316002153,3.9884304666666655,-8.856602374011816,False,1
0x4ca95da97deb0a1753e609c6f668d9fb19faa3113c878f06087ee4f2d1a2f68a,BUY_NO,1.0,0.7540859649122809,0.57,0.3654025766998046,0.0412030498221002,3.8250944166666665,-3.745622897360667,False,1
0x4cd68d395b56c8cf1a43919be2d68c5341cbe24b090a970c65423b1936915d8c,BUY_NO,17.55,11.128091053278691,0.61,0.027271315377549,0.3388631443253082,2.794351933333333,-10.234490093797067,False,1
0x4d0a1b88c89855b0b813ea027504fd8a8265ea5039ac3e86c57cf8e877ddf75a,BUY_NO,191.32,196.28233061333333,0.48,0.2741028187628326,0.2225803560866912,3.9946604,-3.5413150629847774,False,1
0x4d460dd4d998186bacb3961ac9065f37dd5d795aa522efd1d4d5884f215354b9,BUY_NO,17.86,-17.95569388,0.3,0.4851434884342472,0.1914707114971814,3.843773816666667,-0.21598217259631738,True,0
0x4f14db850db89be8a95d67c25ecc891a584652181ea7dc11bb98d81822ea7b34,BUY_NO,84.85,-87.00985675,0.44,0.4235196217603055,0.1129401217444565,3.505930433333333,-1.0986363992078996,True,0
0x4fb88919ce68d909a1308f7587c5f710b3ce1496e4c036fa01617f81967e971b,BUY_NO,66.28,64.96208848,0.5,0.2349942775150668,0.2416215241382664,3.847264983333333,-4.22258284011785,False,1
0x4fec19a9d7018aef085e9496e7403acb45d4291af0e70306c3472a8e3ced8592,BUY_NO,83.68,27.300378361081087,0.74,0.0815589288102173,0.1547490216050207,3.173832133333333,-7.729162312975775,False,1
0x56b97553f17a79a3b1c33023df0f022c0eb3c91c4bfc4d9500d77c03d1f9ba95,BUY_NO,362.34,-398.57399999999996,0.69,0.2144393691681413,0.0721975937575729,3.8936261666666665,-4.929219570326929,False,0
0x58ef70ad6684abe7b50040cfd5f420905c10e862ec3194875d73974088b3c8c7,BUY_NO,52.35,-53.17215675,0.59,0.1238567612810322,0.2627568146427772,3.842388933333333,-7.065690602429916,False,0
0x5a1e622b570b2dbde2cdb905e2635f0c90e4ff538d04e5d36560e2c6a67d3061,BUY_NO,150.82,60.93570842492754,0.69,0.1596550147608663,0.1269134118219907,3.7437856166666665,-5.781040147988659,False,1
0x5c42d0ce43b758bc4ae9738a87f41ea5346690b399bf3b1eaa9648ae0fd35c12,BUY_NO,38.29,39.41301991285714,0.49,0.2941381651868585,0.1924954890531416,3.8863265,-3.3692252835926593,False,1
0x5c7ca92fba399cb6a1237cdc0dddf479ad64054eabbe604cda5f6ec68ea7967c,BUY_NO,1.0,-1.0003,0.66,0.2364610796321761,0.0662266331007762,2.3418454333333334,-7.94523735759246,False,0
0x5cf8777dae195b4d21b514011c4b5e1842c68c60ab341448c5bf316b64d97429,BUY_NO,682.12,184.07895890410964,0.73,0.1346744824893179,0.1119484822954439,3.863150916666666,-6.9506003571905675,False,1
0x5d56ef2b62ec62aec0703507e4ff11c7ef3d65e9c55082cae5a8fd34cb65f7cd,BUY_NO,257.09,382.2865477751281,0.39,0.354639081313873,0.2320099620308887,3.9199869333333335,-2.1880273247933704,False,1
0x5eb2505de3cbbc181324249a4f281a7e1d4ac85db6eadc3acac75883628fb5e8,BUY_NO,87.23,113.34774324627907,0.43000000000000005,0.3366951110085349,0.2099382024314651,3.88579215,-2.5963864087086286,False,1
0x5f1d85ca8c800816a37ed9621a271944a98bd337cb465566502925f601f44400,BUY_NO,2.16,4.010028891428573,0.35,0.5460099715442844,0.0806047145204775,3.8448668,0.73860607714532,True,1
0x600d71b572e385712916f762717ea2f0199b2d27c910b3e62edaeb0b7f2ded1c,BUY_NO,1.64,-1.64080688,0.43999999999999995,0.4503618154882068,0.0862718180356026,3.88630035,-1.4077968868470754,True,0
0x605e1a9a549adbdd8da28da10235ea4deaa38fa2be52ed26747ebd4ea718aa2a,BUY_NO,5.26,-5.26830028,0.59,0.2810060242690109,0.105608663228132,3.8448513,-4.270605120140667,False,0
0x60a4ab4802ce13b241d2133c02a48fcd6d9ef5e469cb6ed67a3113d7abb8860f,BUY_NO,1.0,-1.0003,0.5,0.4100846479015446,0.0665545927689315,3.8986637333333336,-2.1698582304900635,True,0
0x616e4586caca53b62df68e32269f3cb24b3ced795c1ffa0135a64f07f4677eb9,BUY_NO,5.83,2.3710709356338038,0.71,0.0498333974403769,0.2164933949481946,3.215066766666667,-12.844438886710947,False,1
0x621b9cb82bc7ff45ed37ad6275b62da004d4f8ba3bb2d9c09f274516c5fd6411,BUY_NO,83.92,134.8093353431579,0.38,0.4777933973399529,0.1188324423705233,3.86932965,-0.33418575430806596,True,1
0x65b3ea48f2fb610350e0d0160259f21fff156d5ec3b18973aa77d892cc473c8b,BUY_NO,3.37,1.8112083146153848,0.65,0.1585449909055614,0.1680775646144385,3.862079583333333,-9.009900745984774,False,1
0x65bb447ac5bcd04decc653adb6c20c8e2cb6e4f56602e03b27d9df4aa7ab76c9,BUY_NO,1.05,-1.05033075,0.38,0.5572634452514801,0.0393900414989961,3.9298684166666655,1.1359636082354543,True,0
0x663175cc36d042825de0e99127eb30d60a97b8c66be9ac90dba05e4313b7cf96,BUY_NO,57.22,18.09109481333334,0.75,0.1639289784938423,0.0627069533461577,3.891287966666667,-5.971334328958677,False,1
0x6645bf365676fd8b7651bb315c708d52ee7ed92765a1afde7ffaf5f57e666f59,BUY_NO,549.28,472.81160784313727,0.51,0.2549196948248149,0.2117096493275659,3.8769458,-4.018205715811947,False,1
0x67ab9ea1092624d8c5b9ae94e73da951ad298533cf02e873c9783c9a291052cc,BUY_NO,13.45,29.882826024193545,0.30999999999999994,0.4597479483243251,0.2068674888413891,3.8464685666666663,-0.637879587431509,True,1
0x67dec62b55cff0f9fed99909a02fead60085954128d199092c04cf37b6c164c1,BUY_NO,345.48,128.03082352941175,0.68,0.215149694256241,0.0814839823380446,3.886705916666666,-4.846435191215835,False,1
0x682c8ef83b97be6c3eeb6997a6fdd7aff1e32e66d963d835d0348b235d4c65c9,BUY_NO,1.95,-1.95114075,0.29000000000000004,0.5623712277537718,0.1242938652671806,3.9551640166666666,1.6711365594722212,True,0
0x69b49582f51cecd250c15468f9b615cdc676d30064a04537289959423a548387,BUY_NO,1.0,-1.0003,0.13,0.7761574614087621,0.0704821218979045,3.8997572666666662,6.469337648720835,False,0
0x6a842e718efc4b854b3619e6fb63d3bdcbaf9b5d3ccb3d51d71ffb050817468e,BUY_NO,188.85,90.98916478846155,0.65,0.1947427493263763,0.1318795878088617,3.8616550166666666,-5.0346238746827225,False,1
0x6aab80884f5247fd5b3b8dd1e9b4e6aee3abfcc8246c04f984d9f851a0c835d7,BUY_NO,51.33,57.09233528744681,0.4699999999999999,0.4058076763650079,0.1008280884502301,3.89113365,-1.6576127379691505,True,1
0x6afc54f64c8855769bc23275c13100fdbe0f13bed4fc15325f41437cd8fb55bd,BUY_NO,248.37,442.75227435857147,0.35,0.2917239933712576,0.3349405945296947,3.9539994333333337,-3.2259229095329296,False,1
0x6bff1fbf3c14d16ddff35c0b018db0bfa4dfd5827e68eb53698f77d582ac93a4,BUY_NO,145.95,123.036937740566,0.53,0.2234021840487578,0.2231419075855277,3.6904162166666663,-4.621385160762203,False,1
0x6c13bf40b84a5865c6db19dd45f3f0813012eb5a37f82ceb78d9126d041251e5,BUY_NO,10.66,-10.69409068,0.41,0.2764039323996788,0.290220494457464,3.866240666666666,-3.889965669395605,False,0
0x6ec0a41f118a0aed7cc8991231ed91cb6d3a47f6d5a605d93de0d5fe3cc23152,BUY_NO,180.81,-190.61767683,0.28,0.4440417300976912,0.2525718230756419,3.842368933333333,-0.8207055123079572,True,0
0x70873974eb8801339f03ff4cf7ec477114b4fee1d4b9220f1c18bcd53537778f,BUY_NO,1.46,-1.46063948,0.48,0.395101388822105,0.1015322931207521,3.886383383333333,-2.483759220298275,False,0
0x71858e451ac97ec144118293af919a32088c0b8c5ad7883685b741809aa58dd9,BUY_NO,186.41,-196.83460643,0.45999999999999996,0.4189250822515442,0.1006317227151223,3.89225905,-1.2356667629709304,True,0
0x7266f280a1f4ed79987b5cc08ed8a85f257ac85f02712bf3c5c1ea00cc84f56b,BUY_NO,3.6,8.396112,0.3,0.4661487755631806,0.2105182703111051,3.9593704333333335,-0.7387434407535022,True,1
0x753a41dc0322803a82e8ba72b6767cc80c83e39fd2a48f97cfc3674053972a09,BUY_NO,180.76,-190.56225328,0.53,0.2992858876644521,0.1473050178745955,3.7928509666666663,-3.0651165032339986,False,0
0x76280f56db46155f6e4bef2d7a8ea731bf0a526b0b9519831ec195ffef9e62ac,BUY_NO,523.11,193.85841176470583,0.68,0.0089275579888307,0.2870596286625977,2.4721764,-12.093355860744172,False,1
0x7723f6ca611e631e260f04b00c1473f19b5c8bb3ec6460ae907eaa6d3a45efe0,BUY_NO,2.24,1.1524341139393939,0.66,0.2052937854650461,0.111264309933049,3.721067066666667,-8.977213188284141,False,1
0x7c812434ec30f05dcafde36c5b2e884f191b9607fcf1aad9f7995126caf7f7df,BUY_NO,246.04,259.2886572221277,0.47,0.1789144372033209,0.3276285837185838,3.688127016666667,-5.316661434549322,False,1
0x7fda1fe77e314600b66d9ef8299be0b30cbd9d02c9994ac84b0c2ced98b52d7d,BUY_NO,580.86,-638.946,0.4699999999999999,0.3119171881646793,0.1947449985705587,3.9490433166666663,-2.883953724838671,False,0
0x7fda8176b92b814b573732c14a6c3368b9a7c77e354f40d64f2f66898d37c54f,BUY_NO,919.65,-1011.615,0.56,0.2247657422209905,0.1918781489561523,3.9087252,-4.437078177047778,False,0
0x810cb89d412d35e36748dfb65194aed5aca70a5b4fa0f6e12bc4a8ed3c6552d1,BUY_NO,1.0,-1.0003,0.46,0.4553353527677127,0.0450727581334937,3.550327633333333,-1.6021406191370693,True,0
0x817e9fd2269a3b5a71e631a6c5eaf54c10f28a94e2d7f8252efd004fa550e146,BUY_NO,1.0,-1.0003,0.57,0.3608422539755221,0.0394392500976207,3.67725245,-4.427540039543622,False,0
0x819754b3350bcc0a88adeaf7d6bbb6a9867f576fbcd88454892621ce64e5f164,BUY_NO,1.0,-1.0003,0.74,0.1795898240033494,0.0448767552077616,1.7002536333333331,-8.36787808761918,False,0
0x8224c9cec15760709ba2ac70a852b02c343fee750b40d91c26318a18682782ee,BUY_NO,387.03,230.2500508474577,0.59,0.0634946878692173,0.3231377000774493,3.883631533333333,-8.943983936943505,False,1
0x83f7577f1c507438d884a3391dc56445b6654fcf63bddb330d496e13c363aa39,BUY_NO,1.43,0.8758381429032256,0.62,0.2888200541020512,0.0676428850827107,3.5129116833333334,-5.862270044942505,False,1
0x863fb26acbcd29fa38b6471951836932e0177339883adc0b1a03bc23f57fdf7a,BUY_NO,126.03,184.27993173,0.4,0.3111942699210052,0.2624939060961375,3.838357583333333,-2.875772877533762,False,1
0x8c9c824bba85559283521afaf16c8d09e2b35463110a4116996624d0052d7182,BUY_NO,13.11,-13.16156163,0.37,0.3710800917383083,0.2355380259835964,3.85241245,-2.0688401684943525,False,0
0x8db0d7477d92fbfa14c815baf795ea46edc2b5e21f22b51d970f108946c82937,BUY_NO,1.0,-1.0003,0.14,0.7123708593571728,0.1219212264485414,3.87663285,6.853627426091848,False,0
0x900b3b4ce64104385fedbe3347bf9f9bf5d85cb606e3ff2dd5264c667f82661b,BUY_NO,1.0,-1.0003,0.53,0.362527240011054,0.0801297558680571,2.224218983333333,-3.2780013172416065,False,0
0x917dc4bfa82da0c2cab82247887667af5c59588066e1d3756d052597709fdf25,BUY_NO,2.32,2.511718613333333,0.48,0.3784098380889636,0.1124106101967505,3.9360496166666663,-2.482962607121849,False,1
0x92b56d105e0057156fc188f0b9b88577461b77980f548237b4535141e07f6939,BUY_NO,7.24,7.827608053333334,0.48,0.3140589428334732,0.1826103147360506,3.9641760666666666,-3.377022725928556,False,1
0x956ffb5750aaec9a4f8eab078c67b59d87f3332eeb22346515d25a44336443fd,BUY_NO,143.5,-149.677675,0.61,0.2024137682331058,0.1642511783649893,3.9548074,-5.182416674654211,False,0
0x97105f627dfcc947da128d32ca8790c06f27143451ae729649f17da8f9e7f8c6,BUY_NO,148.81,-155.45332483,0.3,0.4182260133340695,0.2582320043878353,3.502137466666667,-1.216530476271479,True,0
0x9848f61f0ec796be07a211f50f6572e0e123d69df27020e2cb7538dc58297de5,BUY_NO,1.77,1.5068379077777776,0.54,0.2827053841697146,0.1539214479902854,3.871429233333333,-5.1178772900581135,False,1
0x99853a897403c09416a9498196612257871d21ef858707e38fab53c2cd319490,BUY_NO,1.38,-1.3805713199999998,0.63,0.2626843782740475,0.0839263404992857,3.836217066666667,-6.641010661883676,False,0
0x99b7e23bf82d9ef5949db3de93474141ba2221e40fa945b606b4e7ec45e794fd,BUY_NO,13.33,-13.38330667,0.42000000000000004,0.3400114705906879,0.2136831571407406,3.850917766666667,-2.5870345740251874,False,0
0x9b6585fef1165a1e7fe859e1c99b65b7435ba226dc364d9ebcb3e6b3727276da,BUY_NO,102.94,-106.11899308,0.34,0.5706443249913522,0.0659982339419811,3.9057979,1.0468959261174926,True,0
0x9bb9c4c38f315b57cd0bc5c762a5809c677826a3e870afc6e0129936b09bf585,BUY_NO,55.13,-56.04179507,0.29,0.4265814747764926,0.2600527778025549,3.88764765,-1.1439004870016527,True,0
0x9cf46d7f7a453140fc074f77d5ede55ce6ac9d8fe4bf59b735fd2fe973d54890,BUY_NO,14.68,26.03312705777778,0.36,0.3133726877115951,0.3062205882217381,3.98339635,-3.528493487684944,False,1
0x9e5b1912e60aa00220352e6f123aa29ca3637d4cfc423f7e1945361e15306088,BUY_NO,38.14,-38.57639788,0.35,0.1286770947974646,0.4979375797853925,3.8448051666666663,-6.620484274901315,False,0
0x9e77a2a706f8d1aa841a06b201e377f36e8a31d55d6558f1b64b7a157a0baeeb,BUY_NO,1.01,-1.01030603,0.38,0.5003081897934234,0.0963018380084813,3.8346387333333336,0.013870077593431795,True,0
0x9e8d3537464c5db5836184adc8b4ed00911c9abedea37098b9c512fa4dd32533,BUY_NO,1.0,-1.0003,0.58,0.35369708553034,0.0429767320468028,3.9742472,-4.043199532779789,False,0
0x9f5242ceb7d2baa123be324273be66a72bb88aca44e7bba180fd3214c1aac17d,BUY_NO,1.0,-1.0003,0.72,0.216189495475143,0.0359476040265712,3.493119183333333,-9.332663016634525,False,0
0xa047018d61253846a3dd921742295731988f3c065ebbdcbf66d92939f2c7bebe,BUY_NO,165.02,-173.18948012,0.55,0.2394963649379513,0.187136871138239,3.8853681666666655,-4.147537559522525,False,0
0xa1906961cf3717b8cb1fa2421848d700fbd8a8b679649df5c5050639bf99bdbb,BUY_NO,1.0,-1.0003,0.69,0.1864280160877394,0.085394131192959,2.5306982166666665,-10.661938958803896,False,0
0xa47fa3d317b6b69a4c349258a4d876087fb4a8492b6f95726f8b2f374eb1bd2c,BUY_NO,45.43,-46.04916547,0.29,0.3109447539726226,0.3756890843892821,3.886722616666667,-3.247405513237004,False,0
0xa80288e8ab00f8f5f692949f8feceb905bc5f040328ae49ee6ab6428f4a90dd5,BUY_NO,1.23,-1.23045387,0.22,0.6652287770382277,0.0914266136817723,3.933900383333333,4.732269295991018,False,0
0xaec8733426770d1a355b888da64cd1d6984f034ceadcc6d9a24db73eeace6e5d,BUY_NO,76.57,-78.32888947,0.42999999999999994,0.3912564753757405,0.1553780755042594,3.888367233333333,-1.9471321954813319,False,0
0xaee29d2512bfa1561ae913b7e5e54c0a0b9c39134588940ccf708f3131bfc5b1,BUY_NO,66.7,134.08654512121214,0.33,0.3880140586420988,0.2586020147217107,3.8478898,-1.6741122921057978,False,1
0xb03d686922d01b49bf01ad7b5bc0fd791b2a76c02ad23bcff8d7263daad47b05,BUY_NO,14.73,15.892408130000003,0.48,0.3174381057187258,0.1792071738927027,3.91178225,-2.786048962040648,False,1
0xb286d8551616cbe87aea00b5709ae75e0c2ab7f3f7cea533521cf99ea6edce11,BUY_NO,1.0,0.5870015873015872,0.63,0.2823743684834083,0.0511856678993217,2.152222833333333,-6.150941039801007,False,1
0xb5a6b329bc094f9802a0b80675ee7158c4f84760cbfe2ead553d79918b0e5ce1,BUY_NO,129.91,-134.97298243,0.12,0.6581337131329058,0.1983692096632847,3.600351433333333,2.34186354829723,False,0
0xb5cdaad0925590ad30c7e315e8ee4e93066df068537b5bd15fe351c1bb1d45e8,BUY_NO,483.98,189.98020895522384,0.67,0.1533148055781944,0.1533156014313293,3.879262383333333,-6.157373854999987,False,1
0xb76d33ef0329f7270ed205fcdc87ed7a63dfc42c643c4231f072b22a011729da,BUY_NO,6.69,2.4609567316438357,0.73,0.074109311313582,0.1725490449149894,3.9404764,-12.181919462393052,False,1
0xb7c69f0d61e6d38c7da09146b79799fc16a1f02dbfabe8f3ed33e5e962dc851a,BUY_NO,2.87,1.8324469627868853,0.61,0.2351832701740686,0.1314326037230743,3.847511383333333,-6.565613651630759,False,1
0xb814b98fa7d9d18714c5b60cd38d5be49240fa50fedaa79577153bea72944738,BUY_NO,1.23,-1.23045387,0.37,0.5286849064031235,0.0776252741835432,3.1787382500000003,0.5492050060627159,True,0
0xb9bc2d5d30abf7bb29325fa76630b1114357bda28b077347679ad09ac873a9cc,BUY_NO,1.0,0.49223731343283567,0.67,0.2681093338442926,0.0371507059353264,3.8644974666666663,-7.445796554026427,False,1
0xbac152e7df48799d141379b1b2216b7ab30c1012f23139e99ba87d191e4f78a5,BUY_NO,697.48,-767.2280000000001,0.4799999999999999,0.2685652905757608,0.2280174596413821,3.775021983333333,-3.7459978677265964,False,0
0xbaf5c7d9333ece00320a2b7d4a6963b690f201152c09b4044ffa0132353701e7,BUY_NO,102.67,-105.83233867,0.36,0.4028912089579962,0.21379178291248,3.9942403833333335,-1.5428397626557027,True,0
0xbb166aa2b3f007c926d3137b7def41abe7eb82e96f8ba2c8c9baba2886f250bb,BUY_NO,870.62,-957.682,0.53,0.2565407215418017,0.1901317498791506,3.9712759,-4.120330578785706,False,0
0xbe0484ba7efe4bdf922bd641e5cce1839ab3ae02477a0ee40fca011b9a907587,BUY_NO,1.0,0.9604843137254901,0.51,0.4249868932537896,0.0416902301062104,3.981405116666666,-1.9655913599304753,True,1
0xbe765051177badb6557ede6870799e4012a66f9a5c5ea6f48201d5e0388b1de7,BUY_NO,191.45,-202.44593074999997,0.18999999999999997,0.6422654465439477,0.1443533557189094,3.8538301833333337,2.2372245007939062,False,0
0xc104725a9b71373cf1fe103f88b4288c27be0614c23de0721fb3a02f8278a4ad,BUY_NO,343.0,150.3923076923076,0.65,0.2538861482764361,0.0727428813235638,3.8762104,-4.161130681141982,False,1
0xc23cf9a5fae08e3f9d1386edb70390a304d0f12bca7226b623ff5c84f1e3ee04,BUY_NO,129.74,312.5895700648277,0.29,0.310741045402904,0.3759324708637626,3.9735636,-3.076832276130269,False,1
0xc37c2f34a81420ed6db4c01e2a9c9def4f03beb05064cc6fb84e55e0e352e909,BUY_NO,27.62,-27.848859320000003,0.35999999999999993,0.3834775787544833,0.23315508065885,3.8841355,-1.8471160330519882,False,0
0xc4d5890237a1d86e98309f046759531a7c5495156eaf309237eed9e607bbc3da,BUY_NO,4.4,1.6215892602739732,0.73,0.1293591427753908,0.1172572101007995,3.848500033333333,-9.43477256483186,False,1
0xc4e69eeacbda8582d6a0d790523bdc3f1d1e43934801cb2c4310ade151cb6f1a,BUY_NO,41.37,52.13928420272727,0.44,0.4057332986286185,0.1308995860723337,3.884972033333333,-1.5287294671761085,True,1
0xc4e6cafca0363ca660ec915f4214fc48c81e98e12196afb9953cf85dfbb1091e,BUY_NO,3.48,-3.48363312,0.59,0.1368292524939469,0.2498089921003388,3.896385316666666,-9.497060363387616,False,0
0xc56d6812c5c6434778929f4d5453eb46e5320cb312a7412e9b38ee2a986ee06a,BUY_NO,70.95,92.53982925,0.43,0.3211079728669193,0.2255237361235568,3.88204095,-2.9286379708622636,False,1
0xc65aa991edad88ba23c5c3eafe088c7e5f783a7a90b97f1a9f19431eafd529a9,BUY_NO,1.15,-1.1503967499999999,0.58,0.3247468769364814,0.0718708490749472,3.85161235,-5.116261884824143,False,0
0xc87c492d9daa56a4f20cb771bf241c2ebd928e9b7bbc0871919004e2689ee5bd,BUY_NO,1.58,4.496174156923076,0.26,0.592313483899347,0.1243530009463672,3.958165016666667,2.4596026896270766,True,1
0xcc97b44dac3db8910e0afed297714bd502d4c868cc5e8f7397fb0dcde0a858d1,BUY_NO,4.19,-4.1952668300000004,0.53,0.283748967326041,0.1628619934130065,3.8366948166666655,-6.195113004912083,False,0
0xcca5be8fd1e5e28d308bc46c30abc8f4907623592b5229f62c694785fdb6e86c,BUY_NO,1.0,-1.0003,0.12,0.7948768203031484,0.0525791313259944,3.8456969666666665,10.860152580758951,False,0
0xccf8f044cd9dd7a71e2199efe9658066131a1bc44a0b5d31ae68d179b2ddacca,BUY_NO,122.93,-127.46353547000001,0.66,0.1549841918242353,0.1616481726786217,3.8835877666666665,-6.4847418704587,False,0
0xcd586bb36a2bddeb73620df6b48c8b66a1abbe76809a0d4ef8811c2eb02e079a,BUY_NO,28.58,30.716621746666664,0.48,0.3118115209439508,0.1848655381646206,3.9813009,-2.8914265994622115,False,1
0xcf217128490fb99759b7d52146b46a98d517b65ed1fd8fa13fad6b5118d181b5,BUY_NO,9.68,6.160741739016394,0.61,0.3192828616902138,0.0472222071174052,3.6050442,-2.749686933998524,False,1
0xd1d8ebfd3ecb6024860df38f40c93d878afc5c32528cfb08151026ef8714a058,BUY_NO,664.72,-731.192,0.28,0.398032318463796,0.298503226968585,3.6717083333333336,-1.597501537749293,False,0
0xd3ab8c4bbe0205367be6828f9c0871295a25d594b17f99e16de07288201397a1,BUY_NO,1044.06,621.1272203389831,0.59,0.2028355244535056,0.1838162379312563,3.92594985,-4.88468080840072,False,1
0xd43af39bef362fae964e0b64710f9302707690d273a1a772a0343498cbfb4232,BUY_NO,64.52,31.988726637575756,0.66,0.2178782177903207,0.0987543155734888,3.883885583333333,-4.7563116599143065,False,1
0xd5cbcdcb8dc9d72fb0122afd23b74acd1cf7d441f21c5f67742ef7934c7d4cbe,BUY_NO,5.07,3.372288530000001,0.6,0.1941963084584848,0.182445779191039,3.9050233666666663,-7.92591309485439,False,1
0xd5e26a3decb7e8e24c1d47f13abd899d079e37fb433ae0a1453d5eaa367f340f,BUY_NO,158.06,138.40664938153844,0.52,0.2915701675051678,0.1650409401214988,3.836980083333333,-3.2047147958777336,False,1
0xd6361e4bfade4576fb9a4706d49d6a37cd423b7de1ffc6789b212e549abfb1d2,BUY_NO,1.0,-1.0003,0.55,0.3705261885560358,0.0459642470350752,3.8592879,-4.462141350691468,False,0
0xd640bf069ea84af2dd197abe49f75ed696632520b81430f6b7b815c724ca558a,BUY_NO,178.56,82.42035246545456,0.66,0.1748625167383615,0.1418161011435432,3.984698983333333,-5.513346266642619,False,1
0xd8812997b35cb64dd431180677d6488f2ae0750c626f361cb07cec2633d7d4bc,BUY_NO,2.85,1.744337443548387,0.62,0.2095203715864639,0.1470468970763931,3.7411221,-7.427359118188155,False,1
0xdaba973907ba828f2bcb3027d68d016621d085cdc92b9e0b02f4056fda40fc9e,BUY_NO,1.78,-1.78095052,0.5,0.3540370443533402,0.1226212181685645,3.9401433833333335,-4.1173685641662825,False,0
0xdb71d476a108b20050a9174818f96108f26eb5a3490e18766f9bf063f73ffdf1,BUY_NO,3.72,-3.7241515200000004,0.73,0.1613924964571721,0.0852481095466374,3.9016102833333335,-9.049420641481575,False,0
0xdd24dbc8a1d0eba4a54355d066157e5caf679688d6a81e7697496e6227af2f8f,BUY_NO,106.85,44.57999571376813,0.69,0.2151183957469744,0.0715634407254065,3.9917591666666663,-4.964647971023697,False,1
0xddcf6c843492418ae660d2ec4c831a1bfb725f1a87183af1b72477a210313521,BUY_NO,4.17,-4.17521667,0.5,0.3197146676764631,0.1568963436987749,3.836765933333333,-5.049171919017783,False,0
0xddd1974fd651163a3fcc3e04440fac7362bbf33bc623ac3755aec0548e1481ba,BUY_NO,1.04,1.0821244995918369,0.49000000000000005,0.4019373296939847,0.0842023306793485,2.805709766666667,-2.0406325594872645,True,1
0xde406c912209c11670969ded32f0e4c372d429fc876266b964b723ca5db96ea2,BUY_NO,16.89,7.502679239565218,0.69,0.0516793898003139,0.2354634673425432,3.2597829166666665,-10.260073247009565,False,1
0xdecac661b783873d1b617f6a2dce098d9e77802f7e3dc646d5d53a42dded0d04,BUY_NO,21.56,17.500549919999997,0.55,0.1455092133899139,0.2811056178405623,3.84518885,-6.657504564208336,False,1
0xe10a1ca3a33aee6f2daebe307e39e910464ab82b5f12a070779781d04a6b95de,BUY_NO,2.83,-2.83240267,0.41,0.4123311428039493,0.1543061538131935,3.89433225,-2.091495546933387,True,0
0xe4dd66244d8d178342808cf7c815dc1e51d382141013746707990637d92d1456,BUY_NO,27.22,-27.44227852,0.37,0.2374602357426465,0.3691563267183059,3.84915275,-4.342967499461601,False,0
0xe577fcd2199f671f65ccf05de91257603adfaa275f2a4e222948dea07c0bbc27,BUY_NO,1.44,1.2260445866666665,0.54,0.3270764948306117,0.109577597146531,3.9310929833333335,-4.529600849052826,False,1
0xe72b3987cc41e172d3863d102c894eba5069fd28a668b72977e44977f4635b16,BUY_NO,44.34,43.750189320000004,0.5,0.2597198806961183,0.216895886404834,3.84717585,-3.7647421446894063,False,1
0xe7419c6b72be670186a2a41f7af083d6a55f69723410d94ed427d3260c82af70,BUY_NO,7.13,3.8239796992307693,0.65,0.1050644340758075,0.2215545038289543,3.854231233333333,-9.307704864109041,False,1
0xeb21757fd652c48cfe46634a8fb5a5110f414a2c0eda8a77c5659d5dcc15a45c,BUY_NO,64.48,74.44661192347824,0.46,0.2371892211104971,0.2794255204285504,3.8449238166666655,-4.190672824801061,False,1
0xecfc64dd2caf93017d050f712de4a82d3bd5eebfa5d1a669121b3fad27ec21c7,BUY_NO,2.21,5.681391912857142,0.28,0.5760558764589426,0.1206192381162954,3.977055516666667,2.0062917672050067,True,1
0xed59cae5abf93c21a2803e2c4d8e3c90a3eae7b5e3209dc1feed2b3a058ed009,BUY_NO,1.73,2.2009203118181815,0.44,0.4500219997838166,0.0865885973361833,3.83604355,-1.338096148989226,True,1
0xeea9150d86a3aeaefa4acd6449d085739d9bad090738f516b65995fdf88fa5e0,BUY_NO,2.25,-2.25151875,0.33,0.4985608114095144,0.1479760599428664,3.674637283333333,-0.03231889770420901,True,0
0xf1cb2d45875b78f2cde308d9b4c0ae38ce5dc3fd2bc36cae8141a1c5ac2630ad,BUY_NO,1.75,1.55096804245283,0.53,0.3766463788157895,0.0700256137480199,3.97021395,-2.9657757181333926,False,1
0xf1fce5b5df118c4e1225d47a3bda9c609e0a6d1505ca3745b7192638946c8ddb,BUY_NO,1.28,-1.28049152,0.63,0.2428250624477949,0.1038371398607765,3.9487721333333337,-7.5811852454650825,False,0
0xf4ec606efae09e5c18c8fabc7e925426dbbadbdc7e3da227d37665fd87c0f04c,BUY_NO,11.39,13.882191481111109,0.45,0.2114588673525336,0.3151513704531806,3.83529285,-5.525669217424418,False,1
0xfc4ee54a647e10aaf9d98e8eb2c1007158b437e7ec63bcc5e2c716cefde37c2e,BUY_NO,19.3,-19.411747000000002,0.18,0.6089038799301081,0.1877713298603681,3.97722265,1.6309230952329603,False,0
0xfd23506ef0e300265eaec364d5ec4acb0a16ec07efe3949703e23e706cddd447,BUY_NO,1.72,0.96661248,0.64,0.2823086587697148,0.0541885874169518,3.587927183333333,-6.073948409416029,False,1
0xfdecfe3bf36c86460221d24ec171f0914a7319f692105670201044cd0e2c1c0f,BUY_NO,2.2,-2.201452,0.74,0.1511285178659772,0.0854909390787846,3.855387033333333,-8.867922401913027,False,0
0xfe436801981478ceb57f40f486109e0a7d6004d4b07e234f6f4dfb546b4421d6,BUY_NO,9.23,-9.25555787,0.1,0.7993623142620394,0.0772508025455796,3.841396883333333,4.905063707596483,False,0
