trade_id,session_id,market_id,timestamp_signal,trigger_timestamp,timestamp_resolution,signal_type,P_model,synthetic_edge,live_edge,entry_price_usdc,bet_size_usd,kelly_fraction,kelly_multiplier,strike_price,btc_price_at_trigger,btc_distance_to_strike,TTR_minutes,btc_at_resolution,outcome,pnl_usd,pnl_pct_capital,capital_before,capital_after,mode
8b18e714-6839-4f74-8db1-ca4ba9d2f64c,2026-04-10_153737,0x234c00ddf9fe95c612855ff4fa222100e9a88b9038295d9c66c860077a598684,2026-04-10T16:12:36.315148+00:00,2026-04-10T16:12:36.413215+00:00,2026-04-10T16:15:05.312470+00:00,BUY_NO,0.7399117708191926,0.07880563257179155,0.07880563257179155,0.14,1.0,0.045817228239413685,1.0,72558.96203926006,72615.01,56.04796073993202,2.394982933333333,72682.65,LOSS,-1.0,-2.0,50.0,49.0,DRY
11815eb6-d166-4d3b-a19b-2e2c8ec63e34,2026-04-10_153737,0x810cb89d412d35e36748dfb65194aed5aca70a5b4fa0f6e12bc4a8ed3c6552d1,2026-04-10T16:16:26.991467+00:00,2026-04-10T16:16:27.087676+00:00,2026-04-10T16:20:05.266351+00:00,BUY_NO,0.4553353527677127,0.04507275813349368,0.04507275813349371,0.46,1.0,0.04173403530879049,0.85,72711.4825358658,72699.83499999999,-11.647535865806276,3.550327633333333,72740.28,LOSS,-1.0,-2.04,49.0,48.0,DRY
63c5754e-4378-49a8-9d0d-3fdea2eef40a,2026-04-10_153737,0x25a4b9634294c6f43dbb2b2da78f2020cc48ea30e99b6a0c5a53d60b6468cf0c,2026-04-10T16:23:17.629856+00:00,2026-04-10T16:23:17.734049+00:00,2026-04-10T16:25:05.254922+00:00,BUY_YES,0.32473454899323895,0.25514484847800084,0.20514484847800085,0.08,1.0,0.11149176547717436,0.7,72760.63949202723,72728.17,-32.469492027230444,1.7064691166666668,72747.21,LOSS,-1.0,-2.08,48.0,47.0,DRY
670521bd-55d1-4c4f-a9b3-e0770819270c,2026-04-10_153737,0xa1906961cf3717b8cb1fa2421848d700fbd8a8b679649df5c5050639bf99bdbb,2026-04-10T16:27:28.173947+00:00,2026-04-10T16:27:28.292306+00:00,2026-04-10T16:30:05.295524+00:00,BUY_NO,0.18642801608773946,0.04539413119295902,0.08539413119295902,0.69,1.0,0.1377324696660629,0.55,72776.32102745977,72698.81,-77.51102745976823,2.5306982166666665,72785.33,LOSS,-1.0,-2.13,47.0,46.0,DRY
b94bd1fd-6187-410d-b327-d07928548775,2026-04-10_153737,0x5c7ca92fba399cb6a1237cdc0dddf479ad64054eabbe604cda5f6ec68ea7967c,2026-04-10T16:32:39.508410+00:00,2026-04-10T16:32:39.629438+00:00,2026-04-10T16:35:05.245662+00:00,BUY_NO,0.2364610796321761,0.08622663310077625,0.06622663310077626,0.66,1.0,0.09739210750114151,0.4,72792.2642667955,72734.475,-57.78926679548749,2.3418454333333334,72789.32,WIN,0.5152,1.12,46.0,46.52,DRY
fa1926d4-fd4e-45cf-8447-c35d74915d38,2026-04-10_153737,0xb286d8551616cbe87aea00b5709ae75e0c2ab7f3f7cea533521cf99ea6edce11,2026-04-10T16:37:50.880960+00:00,2026-04-10T16:37:50.980990+00:00,2026-04-10T16:40:05.259323+00:00,BUY_NO,0.28237436848340836,0.041185667899321786,0.051185667899321774,0.63,1.0,0.06916982148557,1.0,72797.04450770552,72752.295,-44.749507705520955,2.1522228333333335,72713.87,WIN,0.5873,1.26,46.515151515151516,47.1,DRY
885a43f8-bfc1-4912-8758-1f9afcbe3109,2026-04-10_153737,0x819754b3350bcc0a88adeaf7d6bbb6a9867f576fbcd88454892621ce64e5f164,2026-04-10T16:43:18.008072+00:00,2026-04-10T16:43:18.132358+00:00,2026-04-10T16:45:05.259324+00:00,BUY_NO,0.17958982400334944,0.04487675520776167,0.04487675520776169,0.74,1.0,0.08630145232261865,1.0,72739.24142,72678.42499999999,-60.81642000001739,1.7002536333333333,72733.23,WIN,0.3514,0.75,47.102453102453104,47.45,DRY
2c773d79-c581-4cb5-8445-bf725450c8fa,2026-04-10_153737,0xd6361e4bfade4576fb9a4706d49d6a37cd423b7de1ffc6789b212e549abfb1d2,2026-04-10T16:46:08.463239+00:00,2026-04-10T16:46:08.571949+00:00,2026-04-10T16:50:05.692363+00:00,BUY_NO,0.3705261885560358,0.045964247035075255,0.04596424703507529,0.55,1.0,0.051071385594528104,1.0,72741.33873669425,72708.89499999999,-32.443736694258405,3.8592879,72805.71,LOSS,-1.0,-2.11,47.45380445380446,46.45,DRY
08120c80-bc4e-4606-866a-d8280b3efc60,2026-04-10_153737,0xcca5be8fd1e5e28d308bc46c30abc8f4907623592b5229f62c694785fdb6e86c,2026-04-10T16:51:09.274225+00:00,2026-04-10T16:51:09.376846+00:00,2026-04-10T16:55:05.249640+00:00,BUY_NO,0.7948768203031484,0.05257913132599443,0.05257913132599443,0.12,1.0,0.029874506435224116,0.85,72791.27661744769,72870.41500000001,79.13838255232258,3.8456969666666665,72903.23,LOSS,-1.0,-2.15,46.45380445380446,45.45,DRY
6bf31476-bced-4568-a329-706f79591706,2026-04-10_153737,0x04eb2bba3f4b070827f0cc8f8da288b09abc1ae875424736ed66386604ec5337,2026-04-10T16:56:09.785744+00:00,2026-04-10T16:56:09.911460+00:00,2026-04-10T17:00:05.504191+00:00,BUY_NO,0.5272090827210956,0.021215983885761583,0.031215983885761578,0.41,1.0,0.02645422363200138,0.7,72922.09613,72928.58499999999,6.488869999986491,3.8372412666666667,72982.96,LOSS,-1.0,-2.2,45.45380445380446,44.45,DRY
108f5206-bfa2-4a2e-a5bc-b7c81b7bf139,2026-04-10_153737,0x817e9fd2269a3b5a71e631a6c5eaf54c10f28a94e2d7f8252efd004fa550e146,2026-04-10T17:06:19.383937+00:00,2026-04-10T17:06:19.484146+00:00,2026-04-10T17:10:05.253447+00:00,BUY_NO,0.36084225397552216,0.03943925009762074,0.039439250097620726,0.57,1.0,0.04585959313676828,0.55,72903.89420595719,72871.63,-32.26420595718082,3.6772524499999997,72874.8,WIN,0.7544,1.7,44.45380445380446,45.21,DRY
e0e5a25b-bbbc-4a17-b93c-a06af98241c5,2026-04-10_153737,0x2c3443e34360fe8e30f0df56814ad6812f5029110ee4948a5ef4bfbe31a8e314,2026-04-10T17:12:39.634596+00:00,2026-04-10T17:12:39.732768+00:00,2026-04-10T17:15:05.255793+00:00,BUY_NO,0.4027518700798785,0.08795882139567712,0.10795882139567708,0.46,1.13,0.099961871662664,1.0,72906.92735430144,72889.345,-17.582354301441228,2.3397312666666665,72866.72,WIN,1.3265,2.93,45.20819041871674,46.53,DRY
46f434d9-e538-41f1-b5c1-c06583f6d9a0,2026-04-10_153737,0x9f5242ceb7d2baa123be324273be66a72bb88aca44e7bba180fd3214c1aac17d,2026-04-10T17:16:30.427659+00:00,2026-04-10T17:16:30.544193+00:00,2026-04-10T17:20:05.258230+00:00,BUY_NO,0.216189495475143,0.045947604026571325,0.03594760402657127,0.72,1.0,0.06419215004744872,1.0,72884.28202233349,72816.32500000001,-67.95702233347401,3.4931191833333335,72913.46,LOSS,-1.0,-2.15,46.534712157847174,45.53,DRY
3f7c8eb7-9295-4f89-8671-51a84554d40c,2026-04-10_153737,0x900b3b4ce64104385fedbe3347bf9f9bf5d85cb606e3ff2dd5264c667f82661b,2026-04-10T17:22:46.561474+00:00,2026-04-10T17:22:46.669287+00:00,2026-04-10T17:25:05.275225+00:00,BUY_NO,0.362527240011054,0.09012975586805713,0.08012975586805715,0.53,1.0,0.08524442113623104,0.85,72935.89556156527,72911.995,-23.900561565271346,2.224218983333333,72947.83,LOSS,-1.0,-2.2,45.534712157847174,44.53,DRY
a3d2eb6c-502e-49ec-b0dd-8fbaa75047da,2026-04-10_153737,0x8db0d7477d92fbfa14c815baf795ea46edc2b5e21f22b51d970f108946c82937,2026-04-10T17:26:07.422042+00:00,2026-04-10T17:26:07.518951+00:00,2026-04-10T17:30:05.275737+00:00,BUY_NO,0.7123708593571728,0.11192122644854147,0.12192122644854148,0.14,1.0,0.07088443398171017,0.7,72960.78610073785,73010.82500000001,50.03889926215925,3.87663285,72948.01,WIN,6.1429,13.79,44.534712157847174,50.68,DRY
47df6f04-f0e7-4e2c-8855-38ac175ad9e7,2026-04-10_153737,0xb9bc2d5d30abf7bb29325fa76630b1114357bda28b077347679ad09ac873a9cc,2026-04-10T17:31:08.144972+00:00,2026-04-10T17:31:08.236387+00:00,2026-04-10T17:35:05.269066+00:00,BUY_NO,0.2681093338442926,0.05715070593532644,0.037150705935326434,0.67,1.0,0.056288948386858266,1.0,72986.21862013856,72931.91500000001,-54.303620138554834,3.8644974666666667,72894.67,WIN,0.4925,0.97,50.67756930070432,51.17,DRY
792be050-bf0b-4307-b77f-f731fe12480f,2026-04-10_153737,0x3af56f7defbf03967fa2fcd787e72f7a71671970745a184ebe4f1e0808f9b516,2026-04-10T17:36:47.720804+00:00,2026-04-10T17:36:47.812717+00:00,2026-04-10T17:40:05.271035+00:00,BUY_NO,0.2760719637534469,0.049855535021791186,0.049855535021791186,0.65,1.0,0.07122219288827315,1.0,72917.22,72870.39499999999,-46.82500000001164,3.2049855666666667,72909.72,WIN,0.5385,1.05,51.170106614137154,51.71,DRY
b3d0dd11-a5fe-4986-a0ea-e6e3b5be74b3,2026-04-10_153737,0x1bcef73d7069bf23519353b9626ddd223e16f9aed2b6f4bbec72121bf51f24a7,2026-04-10T17:41:28.894714+00:00,2026-04-10T17:41:28.994942+00:00,2026-04-10T17:45:05.259250+00:00,BUY_NO,0.23669354987323304,0.02977201733438609,0.02977201733438606,0.71,1.0,0.05133106436963112,1.0,72919.95023048008,72861.99,-57.96023048007919,3.5186946666666667,72923.93,LOSS,-1.0,-1.93,51.708568152598694,50.71,DRY
1c1eff5b-0ba6-416a-a865-98ed4b3e3f30,2026-04-10_153737,0x09d942192e2387bdff9670451853b4f152a624187bf476452f623756d12107b6,2026-04-10T17:46:04.403992+00:00,2026-04-10T17:46:04.620588+00:00,2026-04-10T17:50:05.254441+00:00,BUY_NO,0.5458783801958265,0.06077378299655449,0.07077378299655451,0.36,1.0,0.055292017966058225,0.85,72940.14461430699,72949.8,9.65538569301134,3.9270164,72982.57,LOSS,-1.0,-1.97,50.708568152598694,49.71,DRY
0eb32afc-ee91-41df-9dab-76cd16ccb15c,2026-04-10_153737,0xc65aa991edad88ba23c5c3eafe088c7e5f783a7a90b97f1a9f19431eafd529a9,2026-04-10T17:56:08.923821+00:00,2026-04-10T17:56:09.016451+00:00,2026-04-10T18:00:05.297987+00:00,BUY_NO,0.3247468769364814,0.06187084907494719,0.07187084907494723,0.58,1.15,0.08556053461303242,0.7,73098.93520490924,73061.555,-37.38020490924828,3.8516123500000004,73100.92,LOSS,-1.15,-2.31,49.708568152598694,48.56,DRY
aaf9f2f6-6b8e-48b9-bb6a-2f44c4453d22,2026-04-10_153737,0x4ca95da97deb0a1753e609c6f668d9fb19faa3113c878f06087ee4f2d1a2f68a,2026-04-10T18:01:10.511970+00:00,2026-04-10T18:01:10.641767+00:00,2026-04-10T18:05:05.378069+00:00,BUY_NO,0.3654025766998046,0.06120304982210013,0.04120304982210021,0.57,1.0,0.04791052304895372,0.55,73139.39,73112.005,-27.38499999999476,3.8250944166666665,72925.35,WIN,0.7544,1.55,48.558568152598696,49.31,DRY
57c35222-e0de-4c59-99dc-3979d06ef7e2,2026-04-10_153737,0x39a87a60dd1c777e1521ba86873ded397fff59e964228bbc3af886f15927c6f6,2026-04-10T18:06:00.978498+00:00,2026-04-10T18:06:01.104853+00:00,2026-04-10T18:10:05.423143+00:00,BUY_NO,0.4949342593079349,0.03174400252063653,0.07174400252063656,0.41,1.19,0.060800002136132715,1.0,72938.6995434514,72937.725,-0.9745434513897635,3.9839466166666666,73007.07,LOSS,-1.19,-2.41,49.31295411751098,48.12,DRY
63165df3-5bd4-4b06-88f9-80678e4c72c8,2026-04-10_153737,0x9e8d3537464c5db5836184adc8b4ed00911c9abedea37098b9c512fa4dd32533,2026-04-10T18:11:01.561872+00:00,2026-04-10T18:11:01.683201+00:00,2026-04-10T18:15:05.281708+00:00,BUY_NO,0.35369708553034,0.03297673204680281,0.04297673204680286,0.58,1.0,0.05116277624619388,0.85,73029.27025753091,72999.755,-29.51525753090391,3.9742472,73099.61,LOSS,-1.0,-2.08,48.12295411751098,47.12,DRY
c1b2ee7e-6f63-4882-abd8-58fe1f30ac8d,2026-04-10_153737,0x4422be33d31164ff5e07faa2c82eab0bd53bbcacafc63ab73a9dd7247a59f2b3,2026-04-10T18:16:02.101096+00:00,2026-04-10T18:16:02.208136+00:00,2026-04-10T18:20:05.813545+00:00,BUY_NO,0.2817468948505041,0.03492281641044826,0.034922816410448254,0.66,1.0,0.051357082956541504,0.7,73110.39608143512,73065.66500000001,-44.731081435107626,3.965358833333333,72974.86,WIN,0.5152,1.09,47.12295411751098,47.64,DRY
0f5c773a-96dd-488e-b38a-cfc7fcbee597,2026-04-10_153737,0xc87c492d9daa56a4f20cb771bf241c2ebd928e9b7bbc0871919004e2689ee5bd,2026-04-10T18:21:02.524193+00:00,2026-04-10T18:21:02.643387+00:00,2026-04-10T18:25:05.879952+00:00,BUY_NO,0.592313483899347,0.07435300094636726,0.12435300094636725,0.26,1.58,0.08402229793673463,1.0,73004.66433551464,73022.625,17.96066448536294,3.958165016666667,72917.3,WIN,4.4969,9.44,47.638105632662494,52.14,DRY
da864793-cea1-4840-8af2-96f5a05bb41a,2026-04-10_153737,0x266e8885092662cf496fd258aa1bc48fc52c86df13111dfeae160f32ece39bd9,2026-04-10T18:26:03.217814+00:00,2026-04-10T18:26:03.335926+00:00,2026-04-10T18:30:05.267012+00:00,BUY_NO,0.2337855495891386,0.07287565200324236,0.0628756520032423,0.68,1.44,0.0982432062550661,1.0,72978.7744,72925.005,-53.76939999999013,3.9466373833333335,72984.68,LOSS,-1.44,-2.76,52.13502870958557,50.7,DRY
e6d71cbb-0605-481b-8da0-f7a46b73eb61,2026-04-10_153737,0xe577fcd2199f671f65ccf05de91257603adfaa275f2a4e222948dea07c0bbc27,2026-04-10T18:31:04.150845+00:00,2026-04-10T18:31:04.259826+00:00,2026-04-10T18:35:05.266063+00:00,BUY_NO,0.32707649483061174,0.11957759714653109,0.10957759714653104,0.54,1.44,0.11910608385492508,0.85,73008.58,72975.525,-33.05500000000757,3.9310929833333335,72949.0,WIN,1.2267,2.42,50.69502870958557,51.92,DRY
6d112f96-81b0-43b4-8768-97e3791804d5,2026-04-10_153737,0x0f1d75a7ba1f4b58a11f8ee1b1294ecdfdac731019f9292fc428dfd9f032758d,2026-04-10T18:36:05.231966+00:00,2026-04-10T18:36:05.339924+00:00,2026-04-10T18:40:05.241811+00:00,BUY_NO,0.4048656035228945,0.0417802519818673,0.03178025198186729,0.54,1.0,0.034543752154203584,1.0,72973.19403299523,72956.31,-16.88403299523634,3.9131009166666666,72959.65,WIN,0.8519,1.64,51.92169537625224,52.77,DRY
d1ab945d-aeb9-4d8d-a4ac-e3627dbed288,2026-04-10_153737,0x2e14f2ce66741a0540502ece3e658dffceccea8a60f1e2b799c9e4a9aefd93a8,2026-04-10T18:41:05.663865+00:00,2026-04-10T18:41:05.751119+00:00,2026-04-10T18:45:05.254943+00:00,BUY_NO,0.39688562881979395,0.09975693476115845,0.09975693476115843,0.48,1.69,0.09592012957803697,1.0,72977.5499475173,72959.255,-18.294947517293622,3.9057985333333334,72946.54,WIN,1.8308,3.47,52.77354722810409,54.6,DRY
6fb6c77c-a32a-4725-ba0b-0d977d5e2908,2026-04-10_153737,0x60a4ab4802ce13b241d2133c02a48fcd6d9ef5e469cb6ed67a3113d7abb8860f,2026-04-10T18:46:06.100292+00:00,2026-04-10T18:46:06.189200+00:00,2026-04-10T18:50:05.259897+00:00,BUY_NO,0.41008464790154464,0.09655459276893158,0.0665545927689315,0.5,1.0,0.0665545927689315,1.0,72979.33704618497,72963.505,-15.832046184965293,3.8986637333333336,72978.46,WIN,1.0,1.83,54.604380561437424,55.6,DRY
ebb4e9a7-1f53-4c96-a31c-32d60f938dce,2026-04-10_153737,0xe10a1ca3a33aee6f2daebe307e39e910464ab82b5f12a070779781d04a6b95de,2026-04-10T18:51:06.355233+00:00,2026-04-10T18:51:06.449530+00:00,2026-04-10T18:55:05.260448+00:00,BUY_NO,0.41233114280394934,0.14430615381319353,0.15430615381319351,0.41,2.83,0.1307679269603335,1.0,73000.85990469328,72985.595,-15.264904693278368,3.8943322499999997,73048.92,LOSS,-2.83,-5.09,55.604380561437424,52.77,DRY
711cecf7-cd03-4d59-abb4-9765a7285bfe,2026-04-10_153737,0x70873974eb8801339f03ff4cf7ec477114b4fee1d4b9220f1c18bcd53537778f,2026-04-10T18:56:06.829579+00:00,2026-04-10T18:56:06.915464+00:00,2026-04-10T19:00:05.271339+00:00,BUY_NO,0.395101388822105,0.10153229312075215,0.10153229312075218,0.48,1.46,0.09762720492380017,0.85,73074.68048424093,73056.535,-18.145484240929363,3.8863833833333334,73118.19,LOSS,-1.46,-2.77,52.774380561437425,51.31,DRY
23565f12-04fb-4e3f-b5fc-8dd1cc53c7a1,2026-04-10_153737,0x049fcc93319a1f2183d05cfa6c1d2286eb1681999e17a0a8ce93ee4675f9ce26,2026-04-10T19:01:07.292084+00:00,2026-04-10T19:01:07.409886+00:00,2026-04-10T19:05:05.367448+00:00,BUY_NO,0.4941209582497543,0.13250920059215046,0.1425092005921504,0.34,1.5,0.10796151560011392,0.7,73135.94221061253,73134.995,-0.9472106125322171,3.8786788166666666,73152.91,LOSS,-1.5,-2.92,51.314380561437424,49.81,DRY
6e6f9d52-9a97-4734-974a-12d1eb3b6628,2026-04-10_153737,0x9848f61f0ec796be07a211f50f6572e0e123d69df27020e2cb7538dc58297de5,2026-04-10T19:06:07.728745+00:00,2026-04-10T19:06:07.837661+00:00,2026-04-10T19:10:05.338300+00:00,BUY_NO,0.2827053841697146,0.14392144799028536,0.1539214479902854,0.54,1.77,0.16730592172857114,0.55,73186.91200368822,73149.475,-37.437003688217374,3.871429233333333,73078.0,WIN,1.5078,3.03,49.814380561437424,51.32,DRY
cdc1cb7a-e538-4ec5-af34-99622d07a982,2026-04-10_153737,0x230c2d779b6c5e384976a766d5c06afe9ed3792a2c97975d5b9d9d73ed6b67d0,2026-04-10T19:11:08.265536+00:00,2026-04-10T19:11:08.377759+00:00,2026-04-10T19:15:05.688282+00:00,BUY_NO,0.5550124626865238,0.16161027940871425,0.15161027940871424,0.27,1.47,0.1038426571292563,1.0,73116.00327980026,73124.995,8.99172019973048,3.8625126499999998,73184.99,LOSS,-1.47,-2.86,51.3221583392152,49.85,DRY
22a428aa-8c80-4646-81ea-23ae61a908e8,2026-04-10_153737,0x65b3ea48f2fb610350e0d0160259f21fff156d5ec3b18973aa77d892cc473c8b,2026-04-10T19:16:08.290133+00:00,2026-04-10T19:16:08.394887+00:00,2026-04-10T19:20:05.292150+00:00,BUY_NO,0.1585449909055614,0.16807756461443857,0.16807756461443857,0.65,3.37,0.24011080659205514,0.85,73210.33740994711,73144.435,-65.90240994711348,3.8620795833333332,73147.81,WIN,1.8146,3.64,49.8521583392152,51.67,DRY
639815d3-ec2d-43ba-be80-fb46ccfdf8c4,2026-04-10_153737,0xb7c69f0d61e6d38c7da09146b79799fc16a1f02dbfabe8f3ed33e5e962dc851a,2026-04-10T19:26:09.166975+00:00,2026-04-10T19:26:09.261978+00:00,2026-04-10T19:30:05.686920+00:00,BUY_NO,0.23518327017406865,0.13143260372307428,0.1314326037230743,0.61,2.87,0.16850333810650553,1.0,73087.96024539432,73040.005,-47.9552453943179,3.8475113833333334,72985.39,WIN,1.8349,3.55,51.66677372383059,53.5,DRY
cdf441f5-4c53-4676-987d-c60ad4793abf,2026-04-10_153737,0x2210e2e5c61cc86ac63972299812b8177611c0f97187c6ab09a414dc69b5129b,2026-04-10T19:31:29.648381+00:00,2026-04-10T19:31:29.745440+00:00,2026-04-10T19:35:05.276093+00:00,BUY_NO,0.04693722615710921,0.19952260051717646,0.1895226005171764,0.74,4.88,0.36446653945610846,1.0,73032.32854006228,72925.775,-106.55354006229027,3.5062138,73017.02,WIN,1.7146,3.2,53.501691756617475,55.22,DRY
76f9224e-19dd-45dd-b383-43db3c0d5a3f,2026-04-10_153737,0xd8812997b35cb64dd431180677d6488f2ae0750c626f361cb07cec2633d7d4bc,2026-04-10T19:36:15.546410+00:00,2026-04-10T19:36:15.633154+00:00,2026-04-10T19:40:05.308388+00:00,BUY_NO,0.20952037158646397,0.1570468970763932,0.14704689707639318,0.62,2.85,0.19348275931104367,1.0,73048.08016487795,72993.86499999999,-54.21516487795452,3.7411221,72963.02,WIN,1.7468,3.16,55.21628635121207,56.96,DRY
73d3295c-bdec-4a1a-a45e-47f1f91d50f8,2026-04-10_153737,0xd5cbcdcb8dc9d72fb0122afd23b74acd1cf7d441f21c5f67742ef7934c7d4cbe,2026-04-10T19:41:05.726334+00:00,2026-04-10T19:41:05.819335+00:00,2026-04-10T19:45:05.250800+00:00,BUY_NO,0.19419630845848485,0.15244577919103902,0.182445779191039,0.6,5.07,0.22805722398879874,1.0,72987.51845831225,72929.715,-57.80345831224986,3.9050233666666667,72966.66,WIN,3.38,5.93,56.96306054476046,60.34,DRY
ae2366ae-7a52-411b-9a27-69841ddf05e5,2026-04-10_153737,0xdb71d476a108b20050a9174818f96108f26eb5a3490e18766f9bf063f73ffdf1,2026-04-10T19:46:05.920973+00:00,2026-04-10T19:46:06.020987+00:00,2026-04-10T19:50:05.256219+00:00,BUY_NO,0.16139249645717213,0.07524810954663741,0.08524810954663742,0.73,3.72,0.15786686953081,1.0,72980.18813117842,72914.205,-65.9831311784219,3.9016102833333335,73024.36,LOSS,-3.72,-6.16,60.34306054476046,56.62,DRY
905d1065-da6b-4472-96ba-3a25fa52417b,2026-04-10_153737,0x69b49582f51cecd250c15468f9b615cdc676d30064a04537289959423a548387,2026-04-10T19:51:06.055166+00:00,2026-04-10T19:51:06.157549+00:00,2026-04-10T19:55:05.262131+00:00,BUY_NO,0.7761574614087621,0.06048212189790458,0.07048212189790459,0.13,1.0,0.040506966607991135,0.85,73042.56071140023,73089.845,47.284288599767024,3.8997572666666667,73113.65,LOSS,-1.0,-1.77,56.62306054476046,55.62,DRY
69a7c35b-f9fa-4ac2-b269-58504928cc48,2026-04-10_153737,0x2c81ea6bf2d83ef363ef51a3fdcbd0038fdfba16448adb1018ad0f0d2f1f82a5,2026-04-10T19:56:06.292039+00:00,2026-04-10T19:56:06.396713+00:00,2026-04-10T20:00:05.501109+00:00,BUY_NO,0.4155032011809617,0.18113457783618123,0.20113457783618127,0.36,2.38,0.1571363889345166,0.7,73129.85785128892,73116.655,-13.20285128892283,3.8953924333333334,73209.17,LOSS,-2.38,-4.28,55.62306054476046,53.24,DRY
8fb1c4c5-c3ec-474e-bb35-2d876b2774d7,2026-04-10_153737,0xc4e6cafca0363ca660ec915f4214fc48c81e98e12196afb9953cf85dfbb1091e,2026-04-10T20:01:06.230883+00:00,2026-04-10T20:01:06.328748+00:00,2026-04-10T20:05:05.289078+00:00,BUY_NO,0.1368292524939469,0.22980899210033878,0.2498089921003388,0.59,3.48,0.3046451123174863,0.55,73278.28179653635,73208.755,-69.5267965363455,3.8963853166666667,73265.24,WIN,2.4183,4.54,53.24306054476046,55.66,DRY
6b3ec438-dcf4-480f-9daa-531905751cec,2026-04-10_153737,0x448d4ddb8d0ecb0d5761b44db38691a4c1bd376ca76a6c34d87b538c214af4ce,2026-04-10T20:06:06.331268+00:00,2026-04-10T20:06:06.435612+00:00,2026-04-10T20:10:05.967501+00:00,BUY_NO,0.35672506934418247,0.10991241064819848,0.11991241064819846,0.5,2.6,0.11991241064819846,1.0,73287.00649023155,73265.245,-21.76149023155449,3.8947144333333332,73248.86,WIN,2.6,4.67,55.66136562950622,58.26,DRY
165b7fa7-ef7b-43fb-9e04-1550d41d0071,2026-04-10_153737,0x616e4586caca53b62df68e32269f3cb24b3ced795c1ffa0135a64f07f4677eb9,2026-04-10T20:11:47.108891+00:00,2026-04-10T20:11:47.199426+00:00,2026-04-10T20:15:05.250207+00:00,BUY_NO,0.0498333974403769,0.2164933949481946,0.21649339494819464,0.71,5.83,0.3732644740486114,1.0,73276.1733974384,73182.17499999999,-93.99839743840857,3.215066766666667,73242.98,WIN,2.3813,4.09,58.26136562950622,60.64,DRY
62a64a95-0b9d-40c4-a693-8888b816dc4b,2026-04-10_153737,0xfdecfe3bf36c86460221d24ec171f0914a7319f692105670201044cd0e2c1c0f,2026-04-10T20:16:08.696945+00:00,2026-04-10T20:16:08.789692+00:00,2026-04-10T20:20:05.271076+00:00,BUY_NO,0.15112851786597725,0.10549093907878468,0.08549093907878469,0.74,2.2,0.16440565207458596,1.0,73269.04185,73204.125,-64.91684999999416,3.8553870333333333,73267.21,WIN,0.773,1.27,60.642633235140025,61.42,DRY
a4808c84-f809-4c15-ae2d-aaa1cf0a847b,2026-04-10_153737,0xc4d5890237a1d86e98309f046759531a7c5495156eaf309237eed9e607bbc3da,2026-04-10T20:21:09.104215+00:00,2026-04-10T20:21:09.198911+00:00,2026-04-10T20:25:05.261040+00:00,BUY_NO,0.12935914277539085,0.11725721010079965,0.11725721010079959,0.73,4.4,0.21714298166814736,1.0,73291.37857,73222.295,-69.08357000000251,3.848500033333333,73170.69,WIN,1.6274,2.65,61.415606208113,63.04,DRY
334e8170-e725-488e-8fbc-a235c169ffca,2026-04-10_153737,0xb814b98fa7d9d18714c5b60cd38d5be49240fa50fedaa79577153bea72944738,2026-04-10T20:26:49.289394+00:00,2026-04-10T20:26:49.410262+00:00,2026-04-10T20:30:05.964659+00:00,BUY_NO,0.5286849064031235,0.04762527418354315,0.0776252741835432,0.37,1.23,0.06160736046312949,1.0,73172.98608225254,73177.005,4.01891774746764,3.1787382500000003,73253.09,LOSS,-1.23,-1.95,63.04300346838697,61.81,DRY
2b0ff5a1-1417-4e5d-9dc3-3ca5aef05389,2026-04-10_153737,0xddd1974fd651163a3fcc3e04440fac7362bbf33bc623ac3755aec0548e1481ba,2026-04-10T20:32:11.670129+00:00,2026-04-10T20:32:11.776326+00:00,2026-04-10T20:35:05.264035+00:00,BUY_NO,0.4019373296939847,0.08420233067934857,0.08420233067934857,0.49,1.04,0.08255130458759664,0.85,73277.62522,73262.67499999999,-14.95022000001336,2.805709766666667,73262.33,WIN,1.0824,1.75,61.813003468386974,62.9,DRY
dbd4cbf5-d0e2-40c6-9ac8-8e0e90686e5d,2026-04-10_153737,0x24e2585b7f3cac8a441bbefd993259aa7d2d9157e2e738803e09165cd3a7b2e7,2026-04-10T20:36:02.794313+00:00,2026-04-10T20:36:02.902858+00:00,2026-04-10T20:40:05.254554+00:00,BUY_NO,0.3677799863979148,0.07888444124398997,0.10888444124399,0.5,2.71,0.10888444124399,1.0,73260.20409,73235.24,-24.96408999999403,3.9536514,73077.97,WIN,2.71,4.31,62.89545244797881,65.61,DRY
61f1f8e5-f12d-4d47-88ac-f7e3a5bdbae9,2026-04-10_153737,0x682c8ef83b97be6c3eeb6997a6fdd7aff1e32e66d963d835d0348b235d4c65c9,2026-04-10T20:41:02.707108+00:00,2026-04-10T20:41:02.822791+00:00,2026-04-10T20:45:05.260778+00:00,BUY_NO,0.5623712277537718,0.1242938652671806,0.12429386526718061,0.29,1.95,0.08753089103322577,1.0,73101.77665299464,73113.995,12.218347005356918,3.9551640166666666,73241.83,LOSS,-1.95,-2.97,65.6054524479788,63.66,DRY
d70793e7-0324-40bf-ba60-91a5f148a994,2026-04-10_153737,0xf1fce5b5df118c4e1225d47a3bda9c609e0a6d1505ca3745b7192638946c8ddb,2026-04-10T20:46:03.086484+00:00,2026-04-10T20:46:03.219568+00:00,2026-04-10T20:50:05.270235+00:00,BUY_NO,0.2428250624477949,0.13383713986077656,0.10383713986077658,0.63,1.28,0.1403204592713197,0.85,73256.45,73200.955,-55.49499999999534,3.9487721333333337,73240.0,WIN,0.7517,1.18,63.6554524479788,64.41,DRY
5ab421d0-2609-4a8d-bb53-17191e72fb96,2026-04-10_153737,0xdaba973907ba828f2bcb3027d68d016621d085cdc92b9e0b02f4056fda40fc9e,2026-04-10T20:51:03.603599+00:00,2026-04-10T20:51:03.705957+00:00,2026-04-10T20:55:05.280045+00:00,BUY_NO,0.35403704435334027,0.14262121816856452,0.12262121816856453,0.5,1.78,0.12262121816856453,1.0,73270.55077,73240.39499999999,-30.155770000012126,3.9401433833333335,73281.96,LOSS,-1.78,-2.76,64.40719847972484,62.63,DRY
d864460f-f998-4925-8bd6-0bc92e3aa566,2026-04-10_153737,0xa80288e8ab00f8f5f692949f8feceb905bc5f040328ae49ee6ab6428f4a90dd5,2026-04-10T20:56:03.980437+00:00,2026-04-10T20:56:04.115846+00:00,2026-04-10T21:00:05.268108+00:00,BUY_NO,0.6652287770382277,0.061426613681772296,0.09142661368177232,0.22,1.23,0.05860680364216175,0.85,73303.2595,73337.965,34.70549999999639,3.933900383333333,73347.23,LOSS,-1.23,-1.96,62.62719847972484,61.4,DRY
6a62422d-526a-4f79-b1fc-ac7859165bfa,2026-04-10_153737,0x7723f6ca611e631e260f04b00c1473f19b5c8bb3ec6460ae907eaa6d3a45efe0,2026-04-10T21:01:16.750500+00:00,2026-04-10T21:01:16.872133+00:00,2026-04-10T21:05:05.259965+00:00,BUY_NO,0.20529378546504617,0.11126430993304903,0.11126430993304903,0.66,2.24,0.16362398519566032,0.7,73383.49383989442,73317.67499999999,-65.81883989443304,3.721067066666667,73298.48,WIN,1.1539,1.88,61.39719847972484,62.55,DRY
3f5a8c63-e188-4b66-955f-7537a1d43feb,2026-04-10_153737,0x210580b867209c7cfb01aaf191b1ce394db1b046c89b0034e8f178552b57fc72,2026-04-10T21:11:16.708070+00:00,2026-04-10T21:11:16.811373+00:00,2026-04-10T21:15:05.252078+00:00,BUY_NO,0.2669520237302466,0.0966761970040391,0.09667619700403907,0.61,2.06,0.12394384231287059,1.0,73224.92855,73175.005,-49.92354999999225,3.7217589833333333,73069.77,WIN,1.317,2.11,62.55113787366424,63.87,DRY
ec05de81-8ba3-4de6-bc3c-5083227cc355,2026-04-10_153737,0x600d71b572e385712916f762717ea2f0199b2d27c910b3e62edaeb0b7f2ded1c,2026-04-10T21:16:06.836001+00:00,2026-04-10T21:16:06.921571+00:00,2026-04-10T21:20:05.270008+00:00,BUY_NO,0.45036181548820686,0.08627181803560266,0.08627181803560263,0.44,1.64,0.07702840896035953,1.0,73102.80494150688,73092.515,-10.289941506882315,3.88630035,73090.39,WIN,2.0873,3.27,63.86818705399211,65.96,DRY
f835f70c-2225-4ec1-95cf-69449098dcd8,2026-04-10_153737,0x01895ef8b32734abc2935036bf02b5fe73e9584d8b4e9b8f79850c07579dd3ec,2026-04-10T21:21:37.411866+00:00,2026-04-10T21:21:37.515832+00:00,2026-04-10T21:25:05.257209+00:00,BUY_NO,0.3109540593150927,0.21544661561824063,0.20544661561824068,0.46,3.03,0.19022834779466732,1.0,73114.60001000001,73077.11499999999,-37.48501000001852,3.376664316666667,73128.29,LOSS,-3.03,-4.59,65.95545978126484,62.93,DRY
ca290621-df29-446a-a341-a12ae2f7ab2a,2026-04-10_153737,0x83f7577f1c507438d884a3391dc56445b6654fcf63bddb330d496e13c363aa39,2026-04-10T21:26:29.239798+00:00,2026-04-10T21:26:29.357640+00:00,2026-04-10T21:30:05.248101+00:00,BUY_NO,0.2888200541020512,0.06764288508271077,0.06764288508271077,0.62,1.43,0.08900379616146155,0.85,73156.87641,73114.015,-42.861409999997704,3.5129116833333334,73085.37,WIN,0.8765,1.39,62.925459781264834,63.8,DRY
8c59b320-7180-4e5a-ba57-1cb2b0ec6f0f,2026-04-10_153737,0xfd23506ef0e300265eaec364d5ec4acb0a16ec07efe3949703e23e706cddd447,2026-04-10T21:31:24.737074+00:00,2026-04-10T21:31:24.837767+00:00,2026-04-10T21:35:05.262817+00:00,BUY_NO,0.28230865876971484,0.034188587416951854,0.05418858741695187,0.64,1.72,0.07526192696798874,1.0,73118.00453979692,73073.62,-44.38453979692713,3.5879271833333335,73029.22,WIN,0.9675,1.52,63.80191139416806,64.77,DRY
b52b9e1b-b4b7-4863-8eba-30c9e1843d85,2026-04-10_153737,0xeea9150d86a3aeaefa4acd6449d085739d9bad090738f516b65995fdf88fa5e0,2026-04-10T21:36:19.536339+00:00,2026-04-10T21:36:19.627318+00:00,2026-04-10T21:40:05.254368+00:00,BUY_NO,0.49856081140951447,0.14797605994286647,0.14797605994286644,0.33,2.25,0.11042989547975104,1.0,73052.37109644782,73052.13500000001,-0.2360964478139067,3.6746372833333334,73009.23,WIN,4.5682,7.05,64.76941139416806,69.34,DRY
487b8a31-1a04-4ad5-bbc0-4c588a8d7f48,2026-04-10_153737,0xddcf6c843492418ae660d2ec4c831a1bfb725f1a87183af1b72477a210313521,2026-04-10T21:41:09.805729+00:00,2026-04-10T21:41:09.885402+00:00,2026-04-10T21:45:05.263296+00:00,BUY_NO,0.31971466767646317,0.1468963436987749,0.15689634369877492,0.5,4.17,0.15689634369877492,1.0,73066.8691,73029.995,-36.87410000000091,3.836765933333333,73056.35,WIN,4.17,6.01,69.33759321234987,73.51,DRY
119544be-11d6-430c-b51b-40e6cb6c5d5e,2026-04-10_153737,0xcc97b44dac3db8910e0afed297714bd502d4c868cc5e8f7397fb0dcde0a858d1,2026-04-10T21:46:09.812269+00:00,2026-04-10T21:46:09.924810+00:00,2026-04-10T21:50:05.678575+00:00,BUY_NO,0.28374896732604105,0.16286199341300656,0.16286199341300656,0.53,4.19,0.17325743980107083,1.0,73085.98456072868,73040.735,-45.24956072868372,3.8366948166666663,73099.6,LOSS,-4.19,-5.7,73.50759321234987,69.32,DRY
c0bc3059-0ebe-4039-9a69-ff0f57a09ddb,2026-04-10_153737,0x25bbcadde93b11215735cb0d9f1b717bc0b8cc548939fab9a986789846e0a7ec,2026-04-10T21:51:10.004199+00:00,2026-04-10T21:51:10.105032+00:00,2026-04-10T21:55:05.248852+00:00,BUY_NO,0.5671074022766988,0.05950209511758697,0.06950209511758693,0.34,1.19,0.05265310236180826,0.85,73122.89166894188,73136.09,13.198331058112672,3.833530183333333,73149.89,LOSS,-1.19,-1.72,69.31759321234988,68.13,DRY
87f90729-1066-4c84-bb75-a44a3e62d07b,2026-04-10_153737,0x9e77a2a706f8d1aa841a06b201e377f36e8a31d55d6558f1b64b7a157a0baeeb,2026-04-10T21:56:09.934336+00:00,2026-04-10T21:56:10.017980+00:00,2026-04-10T22:00:05.270617+00:00,BUY_NO,0.5003081897934234,0.10630183800848136,0.09630183800848136,0.38,1.01,0.07766277258748495,0.7,73171.80351,73171.905,0.10149000000092201,3.8346387333333336,73200.02,LOSS,-1.01,-1.48,68.12759321234988,67.12,DRY
a1129580-411b-4c3d-a389-9529ce9b21ea,2026-04-10_153737,0x99853a897403c09416a9498196612257871d21ef858707e38fab53c2cd319490,2026-04-10T22:01:09.843814+00:00,2026-04-10T22:01:10.041018+00:00,2026-04-10T22:05:05.291551+00:00,BUY_NO,0.26268437827404756,0.08392634049928577,0.08392634049928571,0.63,1.38,0.11341397364768341,0.55,73210.14667,73161.56,-48.58667000000423,3.836217066666667,73201.9,WIN,0.8105,1.21,67.11759321234987,67.93,DRY
c6e3760d-5fb5-44f1-8f0e-b1689851c36f,2026-04-10_153737,0xed59cae5abf93c21a2803e2c4d8e3c90a3eae7b5e3209dc1feed2b3a058ed009,2026-04-10T22:06:09.859847+00:00,2026-04-10T22:06:09.947945+00:00,2026-04-10T22:10:05.325050+00:00,BUY_NO,0.4500219997838166,0.08658859733618336,0.08658859733618335,0.44,1.73,0.0773112476215923,1.0,73224.19179,73214.39499999999,-9.796790000007604,3.83604355,73152.42,WIN,2.2018,3.24,67.92806940282607,70.13,DRY
1abecd31-1246-41a9-bc48-6a4ef089302d,2026-04-10_153737,0x087fdd22b4a83850eb9239cba045862fc7178e2306c6757a1ca40ee258b8927e,2026-04-10T22:11:00.623465+00:00,2026-04-10T22:11:00.725594+00:00,2026-04-10T22:15:05.262269+00:00,BUY_NO,0.5539827380799166,0.03269823431627386,0.03269823431627383,0.39,1.0,0.026801831406781843,1.0,73160.29578067952,73170.83,10.534219320485136,3.9898903833333335,73198.99,LOSS,-1.0,-1.43,70.12988758464425,69.13,DRY
7d751f42-0e46-443f-b197-573e7d302300,2026-04-10_153737,0xbe0484ba7efe4bdf922bd641e5cce1839ab3ae02477a0ee40fca011b9a907587,2026-04-10T22:16:01.127998+00:00,2026-04-10T22:16:01.227412+00:00,2026-04-10T22:20:05.251499+00:00,BUY_NO,0.4249868932537896,0.06169023010621043,0.041690230106210424,0.51,1.0,0.04254105112878616,0.85,73175.36546,73160.985,-14.380460000000312,3.9814051166666666,73042.44,WIN,0.9608,1.39,69.12988758464425,70.09,DRY
5c5290ac-4dad-4e91-b4f8-6fa2f5275685,2026-04-10_153737,0x0256f26843d6e6f4d987430bf4becc17e227bfc0f780865a478161ca61b24eb0,2026-04-10T22:21:00.885010+00:00,2026-04-10T22:21:00.989230+00:00,2026-04-10T22:25:05.272700+00:00,BUY_NO,0.335764281792462,0.24091469400944276,0.24091469400944276,0.4,4.81,0.200762245007869,1.0,73062.21046999999,73029.555,-32.65546999999788,3.9854990666666668,73022.23,WIN,7.215,10.29,70.09067189836973,77.31,DRY
d44183ba-f1e9-4e5d-8322-5183cfc9f7a9,2026-04-10_153737,0xecfc64dd2caf93017d050f712de4a82d3bd5eebfa5d1a669121b3fad27ec21c7,2026-04-10T22:26:01.392577+00:00,2026-04-10T22:26:01.504444+00:00,2026-04-10T22:30:05.254579+00:00,BUY_NO,0.5760558764589426,0.12061923811629544,0.12061923811629544,0.28,2.21,0.08376335980298293,1.0,73044.30724,73058.965,14.657760000001872,3.977055516666667,73012.0,WIN,5.6829,7.35,77.30567189836974,82.99,DRY
091ce22b-24e9-4e78-b9a6-5a9e7f613bf1,2026-04-10_153737,0xf1cb2d45875b78f2cde308d9b4c0ae38ce5dc3fd2bc36cae8141a1c5ac2630ad,2026-04-10T22:31:01.801712+00:00,2026-04-10T22:31:01.974876+00:00,2026-04-10T22:35:05.262751+00:00,BUY_NO,0.37664637881578955,0.08002561374801995,0.07002561374801997,0.53,1.75,0.07449533377448934,1.0,73034.28891,73012.63500000001,-21.65390999999363,3.97021395,72963.7,WIN,1.5519,1.87,82.98852904122688,84.54,DRY
b2d7cd2f-70b1-40c2-8f62-b4ace59ac454,2026-04-10_153737,0x7266f280a1f4ed79987b5cc08ed8a85f257ac85f02712bf3c5c1ea00cc84f56b,2026-04-10T22:36:02.450742+00:00,2026-04-10T22:36:02.570739+00:00,2026-04-10T22:40:05.251889+00:00,BUY_NO,0.46614877556318063,0.22051827031110516,0.2105182703111051,0.3,3.6,0.15037019307936075,1.0,72985.39635,72980.005,-5.39134999999078,3.9593704333333335,72895.41,WIN,8.4,9.94,84.54041583367972,92.94,DRY
013ca93e-991c-4ff4-ac92-5f93be53ead8,2026-04-10_153737,0xb76d33ef0329f7270ed205fcdc87ed7a63dfc42c643c4231f072b22a011729da,2026-04-10T22:41:03.591408+00:00,2026-04-10T22:41:03.673858+00:00,2026-04-10T22:45:05.268079+00:00,BUY_NO,0.07410931131358206,0.19254904491498945,0.17254904491498946,0.73,6.69,0.3195352683610916,1.0,72910.71618,72822.005,-88.71117999999842,3.9404764,72858.21,WIN,2.4744,2.66,92.94041583367972,95.41,DRY
e65e622c-7096-4639-bf52-02be98b3a07e,2026-04-10_153737,0x917dc4bfa82da0c2cab82247887667af5c59588066e1d3756d052597709fdf25,2026-04-10T22:46:03.854140+00:00,2026-04-10T22:46:03.951030+00:00,2026-04-10T22:50:05.288155+00:00,BUY_NO,0.37840983808896367,0.11241061019675062,0.11241061019675058,0.48,2.32,0.10808712518918327,1.0,72876.2154,72858.125,-18.090400000000955,3.9360496166666668,72837.28,WIN,2.5133,2.63,95.41479939532356,97.93,DRY
06388ef2-b0fa-48d2-8daf-e7170c4da966,2026-04-10_153737,0x65bb447ac5bcd04decc653adb6c20c8e2cb6e4f56602e03b27d9df4aa7ab76c9,2026-04-10T22:51:04.230729+00:00,2026-04-10T22:51:04.334896+00:00,2026-04-10T22:55:05.252185+00:00,BUY_NO,0.5572634452514801,0.0393900414989961,0.03939004149899611,0.38,1.05,0.03176616249919044,1.0,72858.75757,72867.035,8.277430000001914,3.9298684166666664,72889.33,LOSS,-1.05,-1.07,97.92813272865689,96.88,DRY
79ee7697-be27-48e9-9b62-1e7b59fb4dfe,2026-04-10_153737,0x02f042082b485e232943fd606f3e0286d1a2543e48d2a68ec8c59258fc4224e5,2026-04-10T22:56:04.375451+00:00,2026-04-10T22:56:04.479031+00:00,2026-04-10T23:00:05.298210+00:00,BUY_NO,0.3887787090980972,0.12787367584666468,0.14787367584666472,0.44,4.27,0.13203006772023637,0.85,72901.25029000001,72885.455,-15.795290000009118,3.9273366,72877.0,WIN,5.4345,5.61,96.8781327286569,102.31,DRY
1ebdb75d-01da-4b27-82a9-d0c1ada12427,2026-04-10_153737,0xe7419c6b72be670186a2a41f7af083d6a55f69723410d94ed427d3260c82af70,2026-04-10T23:01:08.765344+00:00,2026-04-10T23:01:08.879866+00:00,2026-04-10T23:05:05.262437+00:00,BUY_NO,0.10506443407580751,0.24155450382895433,0.22155450382895436,0.65,7.13,0.3165064340413634,1.0,72896.38170679277,72828.595,-67.78670679277275,3.854231233333333,72847.4,WIN,3.8392,3.75,102.31267818320235,106.15,DRY
f96c1aca-7715-47f6-a4c2-221395221a2f,2026-04-10_153737,0x605e1a9a549adbdd8da28da10235ea4deaa38fa2be52ed26747ebd4ea718aa2a,2026-04-10T23:06:09.322981+00:00,2026-04-10T23:06:09.415579+00:00,2026-04-10T23:10:05.285254+00:00,BUY_NO,0.2810060242690109,0.09560866322813198,0.105608663228132,0.59,5.26,0.12879105271723412,1.0,72870.52684,72839.42,-31.10684000000765,3.8448513,72850.0,WIN,3.6553,3.44,106.15190895243312,109.81,DRY
356a0edd-56c3-40ac-b98f-9f63074bcb4f,2026-04-10_153737,0x20939474af277107112b1d0f8ac99d525130ca270ca18a69abef09de2c10948e,2026-04-10T23:11:09.374700+00:00,2026-04-10T23:11:09.477708+00:00,2026-04-10T23:15:05.246585+00:00,BUY_NO,0.06125794866005696,0.1853563439266097,0.1853563439266097,0.73,10.98,0.3432524887529809,1.0,72896.42,72814.065,-82.35499999999593,3.8439715000000003,72869.45,WIN,4.0611,3.7,109.80716318972125,113.87,DRY
2a4df62e-55d6-419f-93e6-9b801b6ddb91,2026-04-10_153737,0xf4ec606efae09e5c18c8fabc7e925426dbbadbdc7e3da227d37665fd87c0f04c,2026-04-10T23:16:09.907063+00:00,2026-04-10T23:16:09.998385+00:00,2026-04-10T23:20:05.294220+00:00,BUY_NO,0.21145886735253366,0.3051513704531805,0.3151513704531806,0.45,11.39,0.28650124586652786,1.0,72904.28725000001,72864.025,-40.26225000001432,3.83529285,72884.58,WIN,13.9211,12.23,113.8682590801322,127.79,DRY
184f4bcf-6010-480c-b5e4-2c2cb4776e8e,2026-04-10_153737,0x17def2ee79df08f788d99d7ddb99afb059b2cb362d833d86f6e9851f196e928a,2026-04-10T23:26:09.765201+00:00,2026-04-10T23:26:09.847324+00:00,2026-04-10T23:30:05.274193+00:00,BUY_NO,0.5416063674763842,0.22500494932361575,0.21500494932361577,0.22,4.83,0.13782368546385626,1.0,72900.13107999999,72905.695,5.5639200000150595,3.8374897833333335,72892.97,WIN,17.1245,13.4,127.78937019124332,144.91,DRY
e191f37a-2339-464b-86e4-263b0ee9b2f4,2026-04-10_153737,0x329c0c7058a7e5d60d8cbcc29076da8925d24cefad886f2eea3e5c4e2a429321,2026-04-10T23:31:09.961527+00:00,2026-04-10T23:31:10.051914+00:00,2026-04-10T23:35:05.249916+00:00,BUY_NO,0.09048759663415284,0.21612222895822808,0.21612222895822808,0.67,14.49,0.327457922663982,1.0,72922.2,72851.36499999999,-70.8350000000064,3.834262283333333,72900.81,WIN,7.1369,4.92,144.9139156457888,152.05,DRY
7b22316d-b415-4b59-b36c-692a9a34f7f9,2026-04-10_153737,0x09d8db09b6a826b7623bc38ff46adc28db32762ea79da5cb5e7ffa2fdf38423b,2026-04-10T23:36:00.485569+00:00,2026-04-10T23:36:00.582596+00:00,2026-04-10T23:40:05.249343+00:00,BUY_NO,0.3308329229296526,0.08584909710844257,0.06584909710844267,0.58,2.72,0.07839178227195555,1.0,72926.28876,72902.67499999999,-23.61376000000746,3.9921623,72903.42,WIN,1.9697,1.3,152.0507813174306,154.02,DRY
b42b26fa-82c2-4e62-860e-551855920047,2026-04-10_153737,0x9cf46d7f7a453140fc074f77d5ede55ce6ac9d8fe4bf59b735fd2fe973d54890,2026-04-10T23:41:01.009103+00:00,2026-04-10T23:41:01.113134+00:00,2026-04-10T23:45:05.253225+00:00,BUY_NO,0.31337268771159515,0.30622058822173814,0.30622058822173814,0.36,14.68,0.23923483454823294,1.0,72937.21177,72911.485,-25.72676999999385,3.98339635,72919.01,WIN,26.0978,16.94,154.02043648984437,180.12,DRY
03f0ea04-8ecf-4243-ab3e-e4fdbfde6bfb,2026-04-10_153737,0x211b4882d0267576b1e20b486ef65ac968c22ccde9a3e9211c7ece387939116c,2026-04-10T23:46:01.704854+00:00,2026-04-10T23:46:01.817609+00:00,2026-04-10T23:50:05.246960+00:00,BUY_NO,0.42004927138883874,0.1366234598340184,0.14662345983401842,0.41,8.89,0.1242571693508631,1.0,72934.17743,72923.77,-10.407429999992019,3.9718421999999998,72943.33,LOSS,-8.89,-4.94,180.11821426762214,171.23,DRY
a1670eb4-ecfc-4000-9688-256275507bc7,2026-04-10_153737,0x92b56d105e0057156fc188f0b9b88577461b77980f548237b4535141e07f6939,2026-04-10T23:51:02.160600+00:00,2026-04-10T23:51:02.259714+00:00,2026-04-10T23:55:05.260552+00:00,BUY_NO,0.31405894283347324,0.1926103147360506,0.1826103147360506,0.48,7.24,0.17558684109235637,0.85,72967.96813,72943.33499999999,-24.633130000001984,3.9641760666666666,72904.46,WIN,7.8433,4.58,171.22821426762215,179.07,DRY
e0b11efa-c3b0-4e61-935e-5b58092a1cf1,2026-04-10_153737,0x453fbfddec4ef9ccb0acc546cc775e586192fde2e22a3b4e78bcf98259aa86c4,2026-04-10T23:56:02.089037+00:00,2026-04-10T23:56:02.168883+00:00,2026-04-11T00:00:05.710561+00:00,BUY_NO,0.5188442451210771,0.20829861202178007,0.21829861202178008,0.24,10.2,0.14361750790906583,1.0,72934.31,72936.745,2.4349999999976717,3.9654031166666663,72949.47,LOSS,-10.2,-5.7,179.07154760095548,168.87,DRY
5bb33de8-3db6-4477-809a-fb889b23cd7c,2026-04-10_153737,0xde406c912209c11670969ded32f0e4c372d429fc876266b964b723ca5db96ea2,2026-04-11T00:01:44.434796+00:00,2026-04-11T00:01:44.546395+00:00,2026-04-11T00:05:05.259664+00:00,BUY_NO,0.051679389800313946,0.19546346734254322,0.2354634673425432,0.69,16.89,0.3797797860363599,0.85,72984.26564,72909.46,-74.8056399999914,3.2597829166666665,72830.37,WIN,7.5883,4.49,168.8715476009555,176.46,DRY
22643958-bca4-49e4-b765-c57b618b942f,2026-04-10_153737,0x2abe2ebebd7c8c0b09b033558736ece1655c05f4032f6f162140a6171d7e73a2,2026-04-11T00:06:06.075886+00:00,2026-04-11T00:06:06.187317+00:00,2026-04-11T00:10:05.254285+00:00,BUY_NO,0.32493507770555796,0.26170435257253727,0.2617043525725372,0.39,12.65,0.21451176440371902,1.0,72867.20213914198,72845.33499999999,-21.867139141992084,3.8990230666666665,72861.72,WIN,19.7859,11.21,176.45980847052073,196.25,DRY
f3bd5d19-e2f4-4a30-8715-8bc97fc08504,2026-04-10_153737,0x6c13bf40b84a5865c6db19dd45f3f0813012eb5a37f82ceb78d9126d041251e5,2026-04-11T00:11:08.044946+00:00,2026-04-11T00:11:08.136520+00:00,2026-04-11T00:15:05.259296+00:00,BUY_NO,0.27640393239967886,0.31022049445746397,0.29022049445746406,0.41,10.66,0.24594957157412214,1.0,72874.91206758832,72846.57500000001,-28.337067588305217,3.8662406666666667,72871.39,WIN,15.34,7.82,196.24570590641815,211.59,DRY
b101ce5b-b3b7-45d1-ba8b-f7c813211f8e,2026-04-10_153737,0x5f1d85ca8c800816a37ed9621a271944a98bd337cb465566502925f601f44400,2026-04-11T02:41:09.323616+00:00,2026-04-11T02:41:09.411304+00:00,2026-04-11T02:45:05.242887+00:00,BUY_NO,0.5460099715442844,0.11060471452047746,0.08060471452047752,0.35,2.16,0.062003626554213466,1.0,73037.6,73042.995,5.394999999989523,3.8448667999999997,72992.41,WIN,4.0114,1.9,211.58570590641816,215.6,DRY
532b9330-a0d9-4932-826c-7e3e3fef0763,2026-04-10_153737,0xdecac661b783873d1b617f6a2dce098d9e77802f7e3dc646d5d53a42dded0d04,2026-04-11T02:46:09.304528+00:00,2026-04-11T02:46:09.408926+00:00,2026-04-11T02:50:05.247395+00:00,BUY_NO,0.1455092133899139,0.24110561784056236,0.2811056178405623,0.55,21.56,0.31233957537840257,1.0,73026.74024,72978.155,-48.58524000000034,3.84518885,72935.24,WIN,17.64,8.18,215.59713447784674,233.24,DRY
69902352-5190-4d63-baf8-f590b587c994,2026-04-10_153737,0x67ab9ea1092624d8c5b9ae94e73da951ad298533cf02e873c9783c9a291052cc,2026-04-11T02:51:09.224667+00:00,2026-04-11T02:51:09.310040+00:00,2026-04-11T02:55:05.249706+00:00,BUY_NO,0.45974794832432514,0.19686748884138908,0.2068674888413891,0.31,13.45,0.14990397742129644,1.0,72962.15381,72957.5,-4.653810000003432,3.8464685666666667,72934.79,WIN,29.9371,12.84,233.23713447784672,263.17,DRY
7af2bc99-0724-46f3-b1c1-a3a7b1fffbbf,2026-04-10_153737,0x99b7e23bf82d9ef5949db3de93474141ba2221e40fa945b606b4e7ec45e794fd,2026-04-11T02:56:08.961213+00:00,2026-04-11T02:56:09.052857+00:00,2026-04-11T03:00:05.261718+00:00,BUY_NO,0.3400114705906879,0.21368315714074065,0.21368315714074065,0.42,13.33,0.18420961822477644,1.0,72953.53345,72934.66500000001,-18.868449999994482,3.850917766666667,72968.44,LOSS,-13.33,-5.07,263.1742312520403,249.84,DRY
82129f9a-d58e-45d3-8cdd-4ab81b36fd32,2026-04-10_153737,0x8c9c824bba85559283521afaf16c8d09e2b35463110a4116996624d0052d7182,2026-04-11T03:01:08.873384+00:00,2026-04-11T03:01:08.964910+00:00,2026-04-11T03:05:05.251154+00:00,BUY_NO,0.3710800917383083,0.2355380259835964,0.2355380259835964,0.37,13.11,0.18693494125682253,0.85,72994.233216595,72979.13500000001,-15.098216594997211,3.85241245,72984.18,WIN,22.3224,8.93,249.84423125204026,272.17,DRY
a558d557-ffcd-488d-9c12-876d0961d9b0,2026-04-10_153737,0xe4dd66244d8d178342808cf7c815dc1e51d382141013746707990637d92d1456,2026-04-11T03:06:09.077620+00:00,2026-04-11T03:06:09.201694+00:00,2026-04-11T03:10:05.264136+00:00,BUY_NO,0.23746023574264657,0.35915632671830583,0.3691563267183059,0.37,27.22,0.2929812116811951,1.0,73015.87178999999,72984.17499999999,-31.696790000001783,3.84915275,72999.98,WIN,46.3476,17.03,272.16666368447267,318.51,DRY
5458150c-c66e-4566-89d2-06e5dfb64eca,2026-04-10_153737,0x0207d59c5a9a3fbd1a00336c858c21aa71d507553d4c02d414f9182fb59167d2,2026-04-11T03:11:09.181595+00:00,2026-04-11T03:11:09.271527+00:00,2026-04-11T03:15:05.248958+00:00,BUY_NO,0.5828692407552228,0.23374652689430092,0.26374652689430095,0.13,18.57,0.1515784637323569,1.0,73026.57067999999,73035.92499999999,9.354319999998552,3.847164333333333,73038.8,LOSS,-18.57,-5.83,318.51423125204025,299.94,DRY
13e8ae3b-c5a0-477a-a7ae-1e8fe562548a,2026-04-10_153737,0xb03d686922d01b49bf01ad7b5bc0fd791b2a76c02ad23bcff8d7263daad47b05,2026-04-11T03:31:05.308636+00:00,2026-04-11T03:31:05.396257+00:00,2026-04-11T03:35:05.248326+00:00,BUY_NO,0.3174381057187258,0.17920717389270271,0.1792071738927027,0.48,14.73,0.17231459028144488,0.85,73026.9149892501,73006.57500000001,-20.339989250089275,3.91178225,72961.19,WIN,15.9575,5.32,299.94423125204025,315.9,DRY
a518222b-0e7f-4ca8-9296-f745ac97c0ae,2026-04-10_153737,0x0c89bd4e9d33254dc2be836324a3d705b719c9c0660450b9fe459a770b6febd0,2026-04-11T03:36:09.433370+00:00,2026-04-11T03:36:09.514572+00:00,2026-04-11T03:40:05.301354+00:00,BUY_NO,0.12756573568667784,0.2790481128923698,0.27904811289236986,0.57,31.59,0.32447454987484864,1.0,72990.58684999999,72942.07500000001,-48.51184999998077,3.842989316666667,72965.1,WIN,23.8311,7.54,315.90173125204024,339.73,DRY
60dd1d1c-6838-46d8-9060-ee16ba0e84a6,2026-04-10_153737,0x4d460dd4d998186bacb3961ac9065f37dd5d795aa522efd1d4d5884f215354b9,2026-04-11T03:41:09.387236+00:00,2026-04-11T03:41:09.467348+00:00,2026-04-11T03:45:05.248536+00:00,BUY_NO,0.4851434884342472,0.14147071149718143,0.19147071149718142,0.3,17.86,0.1367647939265582,1.0,72996.05655063779,72994.48,-1.5765506377938436,3.843773816666667,72974.01,WIN,41.6733,12.27,339.73278388361916,381.41,DRY
0a4b9217-8d43-40b6-9982-b483c7ebef47,2026-04-10_153737,0x9e5b1912e60aa00220352e6f123aa29ca3637d4cfc423f7e1945361e15306088,2026-04-11T03:46:09.324927+00:00,2026-04-11T03:46:09.414024+00:00,2026-04-11T03:50:05.248635+00:00,BUY_NO,0.1286770947974646,0.49793757978539255,0.49793757978539255,0.35,38.14,0.383028907527225,1.0,73007.34742101343,72959.045,-48.30242101343174,3.8448051666666667,72977.61,WIN,70.8314,18.57,381.4061172169525,452.24,DRY
11100c52-d6d3-44f4-910b-09f6de1257f5,2026-04-10_153737,0x34e43691802cce83fd4e946bd1cd38cd28a34013293be8470a8b483e0051195c,2026-04-11T03:56:59.609424+00:00,2026-04-11T03:56:59.694773+00:00,2026-04-11T04:00:05.292654+00:00,BUY_NO,0.015128462086634265,0.22110309424098473,0.21110309424098472,0.75,41.01,0.42220618848196945,1.0,72946.59713000001,72860.535,-86.06213000000571,3.006753633333333,72862.16,WIN,13.67,3.02,452.2375457883811,465.91,DRY
00a0830e-4b53-4562-bd0e-bd836a5b8a4c,2026-04-10_153737,0x4a476b1b4bd558ab4ba1d962f197f88ff709364650444233916236fe03774727,2026-04-11T04:01:00.718339+00:00,2026-04-11T04:01:00.874767+00:00,2026-04-11T04:05:05.277602+00:00,BUY_NO,0.06662364193121328,0.26005663160021525,0.29005663160021533,0.62,46.59,0.3816534626318623,1.0,72898.6513061516,72834.14499999999,-64.50630615161208,3.9884304666666663,72866.58,WIN,28.5552,6.13,465.9075457883811,494.46,DRY
86f21fc0-e35b-407d-a4ef-823507421a13,2026-04-10_153737,0xfc4ee54a647e10aaf9d98e8eb2c1007158b437e7ec63bcc5e2c716cefde37c2e,2026-04-11T04:06:01.379782+00:00,2026-04-11T04:06:01.484140+00:00,2026-04-11T04:10:05.244371+00:00,BUY_NO,0.6089038799301081,0.1877713298603681,0.1877713298603681,0.18,19.3,0.11449471332949275,1.0,72884.43617,72896.32500000001,11.888830000010785,3.9772226500000003,72931.13,LOSS,-19.3,-3.9,494.4627070787037,475.16,DRY
eb55ccfb-e139-426b-a5e8-afee3d3bf174,2026-04-10_153737,0xcd586bb36a2bddeb73620df6b48c8b66a1abbe76809a0d4ef8811c2eb02e079a,2026-04-11T04:11:01.137890+00:00,2026-04-11T04:11:01.247080+00:00,2026-04-11T04:15:05.256220+00:00,BUY_NO,0.3118115209439508,0.1748655381646206,0.1848655381646206,0.48,28.58,0.17775532515828904,0.85,72957.78411,72936.695,-21.08910999998625,3.9813009,72838.0,WIN,30.9617,6.52,475.1627070787037,506.12,DRY
2e4ee029-c371-41a0-ac8a-2fe7f9fa815a,2026-04-10_153737,0x4cd68d395b56c8cf1a43919be2d68c5341cbe24b090a970c65423b1936915d8c,2026-04-11T04:17:12.353437+00:00,2026-04-11T04:17:12.450242+00:00,2026-04-11T04:20:05.247470+00:00,BUY_NO,0.02727131537754901,0.37886314432530815,0.3388631443253082,0.61,17.55,0.43443992862218994,1.0,72864.99236,72790.495,-74.49736000000848,2.794351933333333,72734.36,WIN,11.2205,2.22,506.12437374537035,517.34,DRY
7a0612a5-b6fd-4c02-9249-d73b60be6254,2026-04-10_153737,0xcf217128490fb99759b7d52146b46a98d517b65ed1fd8fa13fad6b5118d181b5,2026-04-11T04:21:23.711323+00:00,2026-04-11T04:21:23.800080+00:00,2026-04-11T04:25:05.246512+00:00,BUY_NO,0.3192828616902138,0.047222207117405254,0.04722220711740521,0.61,9.68,0.06054129117616054,1.0,72764.24739,72744.245,-20.002390000008745,3.6050442,72728.7,WIN,6.1889,1.2,517.3448655486491,523.53,DRY
f470300e-521a-4c62-9bb0-812fdd9d019c,2026-04-10_153737,0x58ef70ad6684abe7b50040cfd5f420905c10e862ec3194875d73974088b3c8c7,2026-04-11T04:26:09.469069+00:00,2026-04-11T04:26:09.572088+00:00,2026-04-11T04:30:05.254858+00:00,BUY_NO,0.12385676128103229,0.2627568146427773,0.2627568146427772,0.59,52.35,0.3204351398082648,1.0,72758.03727996246,72706.66500000001,-51.37227996245201,3.8423889333333334,72731.44,WIN,36.3788,6.95,523.5337180076655,559.91,DRY
0a0f3205-334a-4d21-84d3-7c045a076c8d,2026-04-10_153737,0xfe436801981478ceb57f40f486109e0a7d6004d4b07e234f6f4dfb546b4421d6,2026-04-11T04:31:09.529742+00:00,2026-04-11T04:31:09.615038+00:00,2026-04-11T04:35:05.250536+00:00,BUY_NO,0.7993623142620394,0.05725080254557964,0.07725080254557962,0.1,9.23,0.042917112525322015,1.0,72758.38903264882,72794.095,35.70596735118306,3.841396883333333,72780.01,LOSS,-9.23,-1.65,559.9125315669875,550.68,DRY
e615b279-2bec-486a-9716-6fe10fb8167c,2026-04-10_153737,0x082eb4aa10b8a3d742c7fea39659275e043e208d099204fa9eb7222bbe78cbdc,2026-04-11T04:36:19.140604+00:00,2026-04-11T04:36:19.232062+00:00,2026-04-11T04:40:05.253146+00:00,BUY_NO,0.13507974581224935,0.1914601444277506,0.1914601444277506,0.65,40.4,0.27351449203964373,0.85,72812.75188,72766.375,-46.37687999999616,3.6812959833333334,72801.54,WIN,21.7538,3.95,550.6825315669874,572.44,DRY
00e4e1d1-abbb-4ee4-b420-911a24cd454f,2026-04-10_153737,0x198816e903b7920751944df45218112f3d92c4cdcea347da08a4222e46d18503,2026-04-11T04:41:09.130207+00:00,2026-04-11T04:41:09.220928+00:00,2026-04-11T04:45:05.268114+00:00,BUY_NO,0.2568136777404164,0.32980248602339307,0.30980248602339316,0.41,33.05,0.2625444796808417,1.0,72829.32723071244,72801.535,-27.79223071243905,3.84810895,72804.46,WIN,47.5598,8.31,572.4363777208335,620.0,DRY
5bc07767-a169-4858-83f8-a8b360639db5,2026-04-10_153737,0xe72b3987cc41e172d3863d102c894eba5069fd28a668b72977e44977f4635b16,2026-04-11T04:46:09.181497+00:00,2026-04-11T04:46:09.255808+00:00,2026-04-11T04:50:05.288069+00:00,BUY_NO,0.2597198806961183,0.2168958864048341,0.21689588640483404,0.5,44.34,0.21689588640483404,1.0,72831.8740037707,72804.465,-27.409003770706477,3.84717585,72794.36,WIN,44.34,7.15,619.9961338183945,664.34,DRY
7421150c-d258-45d4-a705-083266accb14,2026-04-10_153737,0x023ef618bdfca746de48f641da5efe21b11205283178c24e74dfc6b8b8ae7bcd,2026-04-11T04:51:09.169318+00:00,2026-04-11T04:51:09.267799+00:00,2026-04-11T04:55:05.263651+00:00,BUY_NO,0.3147144105145474,0.30190145439211924,0.30190145439211924,0.36,51.67,0.2358605112438432,1.0,72820.51005,72799.985,-20.525049999996554,3.8474437499999996,72815.77,WIN,91.8578,13.83,664.3361338183945,756.19,DRY
61b271f4-a6b8-4cb3-aeaf-f15e457d98be,2026-04-10_153737,0xeb21757fd652c48cfe46634a8fb5a5110f414a2c0eda8a77c5659d5dcc15a45c,2026-04-11T04:56:09.316324+00:00,2026-04-11T04:56:09.401683+00:00,2026-04-11T05:00:05.358952+00:00,BUY_NO,0.23718922111049712,0.27942552042855046,0.27942552042855046,0.46,64.48,0.25872733373013934,1.0,72841.51771,72811.005,-30.512709999995423,3.8449238166666664,72806.07,WIN,75.6939,10.01,756.1939115961723,831.89,DRY
df80ae04-eefe-4c64-8f94-4b163619a551,2026-04-10_153737,0x4fb88919ce68d909a1308f7587c5f710b3ce1496e4c036fa01617f81967e971b,2026-04-11T05:01:09.177382+00:00,2026-04-11T05:01:09.281190+00:00,2026-04-11T05:05:05.250450+00:00,BUY_NO,0.2349942775150668,0.24162152413826649,0.24162152413826643,0.5,66.28,0.24162152413826643,1.0,72836.81796829514,72806.07500000001,-30.742968295133323,3.8472649833333334,72790.06,WIN,66.28,7.97,831.8878246396505,898.17,DRY
f529e70f-9ee8-4882-8d8e-b6b96b765c0a,2026-04-10_153737,0xaee29d2512bfa1561ae913b7e5e54c0a0b9c39134588940ccf708f3131bfc5b1,2026-04-11T05:06:09.141953+00:00,2026-04-11T05:06:09.256929+00:00,2026-04-11T05:10:05.242134+00:00,BUY_NO,0.38801405864209887,0.23860201472171072,0.2586020147217107,0.33,66.7,0.19298657815053033,1.0,72816.68329,72804.495,-12.188290000005509,3.8478898,72762.0,WIN,135.4212,15.08,898.1678246396505,1033.59,DRY
d9c67ad4-7c23-4d39-be26-200185c750ae,2026-04-10_153737,0x4fec19a9d7018aef085e9496e7403acb45d4291af0e70306c3472a8e3ced8592,2026-04-11T05:11:49.582630+00:00,2026-04-11T05:11:49.667718+00:00,2026-04-11T05:15:05.251254+00:00,BUY_NO,0.08155892881021737,0.1547490216050207,0.1547490216050207,0.74,83.68,0.2975942723173475,1.0,72802.18152938074,72745.955,-56.22652938074316,3.1738321333333332,72679.09,WIN,29.4011,2.84,1033.5890367608627,1062.99,DRY
f0b05c19-dd39-4433-b922-627ee365699c,2026-04-10_153737,0x01b472af3df65af716c4b6d8c4fe3bfaa01dd8bdd33a774bb9102ea35dacb0b8,2026-04-11T05:16:00.944994+00:00,2026-04-11T05:16:01.054768+00:00,2026-04-11T05:20:05.242501+00:00,BUY_NO,0.08798864121801159,0.2686898854562742,0.26868988545627415,0.62,106.3,0.35353932296878177,1.0,72737.68925289491,72679.08499999999,-58.60425289491832,3.98448395,72701.41,WIN,65.1516,6.13,1062.9901178419436,1128.14,DRY
06906e68-e38f-4aeb-a926-0aced1ea435f,2026-04-10_153737,0x2243f30d0c029deb179a526566458cbc337af3106d35d4489f2251c5520787bf,2026-04-11T05:21:21.269446+00:00,2026-04-11T05:21:21.358633+00:00,2026-04-11T05:25:05.241471+00:00,BUY_NO,0.5818147364371294,0.2847089315476325,0.2847089315476325,0.11,56.39,0.15994883794810813,1.0,72755.833,72764.945,9.112000000008265,3.645699516666667,72771.23,LOSS,-56.39,-5.0,1128.1417307451695,1071.75,DRY
19269390-1417-4cb1-aa65-8e789202b980,2026-04-10_153737,0xc37c2f34a81420ed6db4c01e2a9c9def4f03beb05064cc6fb84e55e0e352e909,2026-04-11T05:26:06.964794+00:00,2026-04-11T05:26:07.057092+00:00,2026-04-11T05:30:05.687576+00:00,BUY_NO,0.3834775787544833,0.26315508065885,0.23315508065885004,0.36,27.62,0.1821524067647266,0.85,72799.55944,72786.11499999999,-13.44444000000658,3.8841354999999997,72810.16,LOSS,-27.62,-2.58,1071.7517307451694,1044.13,DRY
a1527b2c-226d-4e7a-bae6-1ea656ad113d,2026-04-10_153737,0x5c42d0ce43b758bc4ae9738a87f41ea5346690b399bf3b1eaa9648ae0fd35c12,2026-04-11T05:31:06.834471+00:00,2026-04-11T05:31:06.930458+00:00,2026-04-11T05:35:05.246418+00:00,BUY_NO,0.2941381651868585,0.20249548905314158,0.19249548905314162,0.49,38.29,0.18872106769915847,0.7,72836.44697449649,72811.91500000001,-24.53197449647996,3.8863265,72801.99,WIN,39.8529,3.82,1044.1317307451695,1083.98,DRY
e94941b9-5bce-4c13-ac19-80c347182faa,2026-04-10_153737,0x9bb9c4c38f315b57cd0bc5c762a5809c677826a3e870afc6e0129936b09bf585,2026-04-11T05:36:06.755570+00:00,2026-04-11T05:36:06.838926+00:00,2026-04-11T05:40:05.251544+00:00,BUY_NO,0.42658147477649266,0.27005277780255493,0.2600527778025549,0.29,55.13,0.18313575901588375,1.0,72834.5956,72826.265,-8.33060000000114,3.88764765,72826.27,WIN,134.9734,12.45,1083.9845878880267,1218.96,DRY
2676cad8-6066-4529-817b-f4fbcd1ffeeb,2026-04-10_153737,0x5eb2505de3cbbc181324249a4f281a7e1d4ac85db6eadc3acac75883628fb5e8,2026-04-11T05:41:06.879021+00:00,2026-04-11T05:41:06.967454+00:00,2026-04-11T05:45:05.247230+00:00,BUY_NO,0.3366951110085349,0.17993820243146508,0.20993820243146516,0.43,87.23,0.18415631792233786,1.0,72852.7554805252,72833.845,-18.91048052519909,3.88579215,72798.01,WIN,115.6305,9.49,1218.9580361638887,1334.59,DRY
bba2304e-fba3-406b-8bf4-f66facf3ac51,2026-04-10_153737,0xd43af39bef362fae964e0b64710f9302707690d273a1a772a0343498cbfb4232,2026-04-11T05:46:06.981179+00:00,2026-04-11T05:46:07.082800+00:00,2026-04-11T05:50:05.248989+00:00,BUY_NO,0.21787821779032074,0.09875431557348881,0.0987543155734888,0.66,64.52,0.1452269346668953,1.0,72832.63,72798.005,-34.625,3.883885583333333,72785.52,WIN,33.2376,2.49,1334.5885012801677,1367.83,DRY
794d868e-92f2-4a77-b990-1b032085012a,2026-04-10_153737,0x663175cc36d042825de0e99127eb30d60a97b8c66be9ac90dba05e4313b7cf96,2026-04-11T05:51:06.535581+00:00,2026-04-11T05:51:06.614966+00:00,2026-04-11T05:55:05.249940+00:00,BUY_NO,0.1639289784938423,0.06270695334615775,0.06270695334615772,0.75,57.22,0.1254139066923154,1.0,72811.67734,72768.225,-43.45233999998891,3.891287966666667,72775.25,WIN,19.0733,1.39,1367.8260770377435,1386.9,DRY
291ccc8b-8d70-44ea-8972-dcde4d7d39ee,2026-04-10_153737,0x6aab80884f5247fd5b3b8dd1e9b4e6aee3abfcc8246c04f984d9f851a0c835d7,2026-04-11T06:06:06.556865+00:00,2026-04-11T06:06:06.637205+00:00,2026-04-11T06:10:05.252973+00:00,BUY_NO,0.4058076763650079,0.08082808845023018,0.10082808845023017,0.47,51.33,0.09512083816059448,1.0,72714.37623000001,72702.32500000001,-12.051229999997304,3.89113365,72662.01,WIN,57.8828,4.17,1386.8994103710768,1444.78,DRY
ea4e8837-6653-4a91-abf5-a8dd7204a11c,2026-04-10_153737,0xaec8733426770d1a355b888da64cd1d6984f034ceadcc6d9a24db73eeace6e5d,2026-04-11T06:11:06.717221+00:00,2026-04-11T06:11:06.819450+00:00,2026-04-11T06:15:05.251566+00:00,BUY_NO,0.3912564753757405,0.14537807550425952,0.15537807550425947,0.43,76.57,0.13629655745987673,1.0,72693.23657863415,72679.08499999999,-14.151578634162433,3.8883672333333332,72673.87,WIN,101.4998,7.03,1444.7821763285235,1546.28,DRY
2a5af728-6c89-4ff8-a89e-34894aab9721,2026-04-10_153737,0xa47fa3d317b6b69a4c349258a4d876087fb4a8492b6f95726f8b2f374eb1bd2c,2026-04-11T06:16:06.809967+00:00,2026-04-11T06:16:06.932167+00:00,2026-04-11T06:20:05.252596+00:00,BUY_NO,0.31094475397262267,0.4156890843892821,0.3756890843892821,0.29,45.43,0.26456977773893103,1.0,72702.6868461326,72679.08499999999,-23.601846132602077,3.886722616666667,72703.16,LOSS,-45.43,-2.94,1546.281943770384,1500.85,DRY
5d803510-f8db-4a73-a49e-b6ed4cb0d316,2026-04-10_153737,0xc4e69eeacbda8582d6a0d790523bdc3f1d1e43934801cb2c4310ade151cb6f1a,2026-04-11T06:21:06.934931+00:00,2026-04-11T06:21:07.018378+00:00,2026-04-11T06:25:05.250498+00:00,BUY_NO,0.40573329862861857,0.14089958607233377,0.1308995860723337,0.44,41.37,0.11687463042172654,0.85,72733.40226999999,72722.285,-11.117269999987911,3.8849720333333333,72680.97,WIN,52.6527,3.51,1500.851943770384,1553.5,DRY
9c9435f7-3b53-4294-aff5-799becef338b,2026-04-10_153737,0xccf8f044cd9dd7a71e2199efe9658066131a1bc44a0b5d31ae68d179b2ddacca,2026-04-11T06:26:07.004015+00:00,2026-04-11T06:26:07.098890+00:00,2026-04-11T06:30:05.247900+00:00,BUY_NO,0.15498419182423534,0.16164817267862172,0.16164817267862175,0.66,122.93,0.23771790099797316,1.0,72707.72853000001,72660.61,-47.11853000000701,3.8835877666666665,72695.03,WIN,63.3276,4.08,1553.5046710431113,1616.83,DRY
4f4a45ac-4902-476b-8585-03b7c27aa212,2026-04-10_153737,0xc56d6812c5c6434778929f4d5453eb46e5320cb312a7412e9b38ee2a986ee06a,2026-04-11T06:31:07.089395+00:00,2026-04-11T06:31:07.181211+00:00,2026-04-11T06:35:05.251823+00:00,BUY_NO,0.32110797286691933,0.24552373612355693,0.22552373612355686,0.43,70.95,0.19782783870487444,1.0,72719.82576900271,72698.535,-21.29076900270593,3.88204095,72686.41,WIN,94.05,5.82,1616.832246800687,1710.88,DRY
20f141b9-d158-46e4-aeb7-ef150cbb0483,2026-04-10_153737,0x1db296f536f8ca5c9b6c5136752a05007069e11c8f5201124be1b37191f6cd30,2026-04-11T06:36:07.247504+00:00,2026-04-11T06:36:07.329600+00:00,2026-04-11T06:40:05.257275+00:00,BUY_NO,0.48874076156640417,0.2178897452069292,0.21788974520692922,0.27,84.9,0.14923955151159538,1.0,72715.09695,72713.82500000001,-1.2719499999948312,3.8794402999999997,72733.58,LOSS,-84.9,-4.96,1710.882246800687,1625.98,DRY
303f209f-b411-44fe-998b-ee16d5d6fb0b,2026-04-10_153737,0x1f73b07b5757f99dc3ca65715acc48b5bf2358e7a42fd0928a002451f9ec1bab,2026-04-11T06:41:07.190739+00:00,2026-04-11T06:41:07.292250+00:00,2026-04-11T06:45:05.254071+00:00,BUY_NO,0.19007931426978725,0.11655162518164133,0.1165516251816413,0.67,81.18,0.17659337148733534,0.85,72760.57923,72720.655,-39.92423000000417,3.88037395,72727.21,WIN,39.9842,2.46,1625.9822468006869,1665.97,DRY
c45ad8c8-6714-41a4-a5e1-4f319f31ff5e,2026-04-10_153737,0x6bff1fbf3c14d16ddff35c0b018db0bfa4dfd5827e68eb53698f77d582ac93a4,2026-04-11T06:46:18.589162+00:00,2026-04-11T06:46:18.702854+00:00,2026-04-11T06:50:05.686851+00:00,BUY_NO,0.22340218404875783,0.20314190758552778,0.22314190758552777,0.53,145.95,0.2373850080697104,1.0,72755.20245,72721.595,-33.60744999999588,3.6904162166666667,72722.57,WIN,129.4274,7.77,1665.9664259051644,1795.39,DRY
4c5000d2-ed9e-49f4-99f1-97bd27d703f7,2026-04-10_153737,0xbaf5c7d9333ece00320a2b7d4a6963b690f201152c09b4044ffa0132353701e7,2026-04-11T06:51:00.358759+00:00,2026-04-11T06:51:00.486298+00:00,2026-04-11T06:55:05.252739+00:00,BUY_NO,0.4028912089579962,0.21379178291248008,0.21379178291248002,0.36,102.67,0.16702483040037502,1.0,72754.09805999999,72742.875,-11.223059999989346,3.9942403833333335,72771.31,LOSS,-102.67,-5.72,1795.3937843957306,1692.72,DRY
3e4c39d1-5499-4e76-b53c-fce3a1a1d3bf,2026-04-10_153737,0xc23cf9a5fae08e3f9d1386edb70390a304d0f12bca7226b623ff5c84f1e3ee04,2026-04-11T06:56:01.602442+00:00,2026-04-11T06:56:01.731515+00:00,2026-04-11T07:00:05.260678+00:00,BUY_NO,0.310741045402904,0.37593247086376264,0.37593247086376264,0.29,129.74,0.2647411766646216,0.85,72793.69551,72771.305,-22.390510000012,3.9735636,72769.17,WIN,317.6393,18.76,1692.7237843957305,2010.36,DRY
973c4afd-43b9-4d48-bf30-3162439e1962,2026-04-10_153737,0x956ffb5750aaec9a4f8eab078c67b59d87f3332eeb22346515d25a44336443fd,2026-04-11T07:01:02.729187+00:00,2026-04-11T07:01:02.864257+00:00,2026-04-11T07:05:05.250345+00:00,BUY_NO,0.20241376823310586,0.1642511783649894,0.16425117836498937,0.61,143.5,0.21057843380126842,1.0,72792.42953,72754.725,-37.704529999988154,3.9548074,72769.96,WIN,91.7459,4.56,2010.3630947405582,2102.11,DRY
f91bdadc-9ffc-4a90-83a1-d2dffbd93216,2026-04-10_153737,0x2443f5c0001a6764e39789693d5509a0961883ba1ea8264bd845368fe827c659,2026-04-11T07:06:04.898712+00:00,2026-04-11T07:06:04.978570+00:00,2026-04-11T07:10:05.245358+00:00,BUY_NO,0.13263019440609197,0.24401820448914618,0.22401820448914622,0.62,138.75,0.2947607953804556,1.0,72802.78536,72753.005,-49.78035999998974,3.9186066333333334,72755.77,WIN,85.0403,4.05,2102.1089963799022,2187.15,DRY
2f5c8794-fb9f-4dde-935d-043a5f0e1f31,2026-04-10_153737,0x20dea724cba6a198b20f7dbcecb205eb50f4d2dce505f887327d3aa846a140a3,2026-04-11T07:11:06.758876+00:00,2026-04-11T07:11:06.863814+00:00,2026-04-11T07:15:05.262823+00:00,BUY_NO,0.2513780552538995,0.1252561716489576,0.12525617164895764,0.6,114.11,0.15657021456119705,1.0,72783.78954,72754.08499999999,-29.70454000000609,3.8876737833333332,72765.18,WIN,76.0733,3.48,2187.1493189605476,2263.22,DRY
d489b9ad-0e12-481a-a90e-e95f4a853ff6,2026-04-10_153737,0x621b9cb82bc7ff45ed37ad6275b62da004d4f8ba3bb2d9c09f274516c5fd6411,2026-04-11T07:16:07.860775+00:00,2026-04-11T07:16:07.953890+00:00,2026-04-11T07:20:05.255896+00:00,BUY_NO,0.4777933973399529,0.08883244237052336,0.11883244237052332,0.38,83.92,0.09583261481493813,1.0,72781.41717,72778.985,-2.432170000000042,3.8693296499999996,72755.72,WIN,136.9221,6.05,2263.222652293881,2400.14,DRY
2e9c5927-6424-461b-b062-0dffbf7ff46e,2026-04-10_153737,0x4f14db850db89be8a95d67c25ecc891a584652181ea7dc11bb98d81822ea7b34,2026-04-11T07:21:29.660348+00:00,2026-04-11T07:21:29.764007+00:00,2026-04-11T07:25:05.248805+00:00,BUY_NO,0.4235196217603055,0.09294012174445644,0.1129401217444565,0.44,84.85,0.10083939441469335,1.0,72779.65996,72771.66500000001,-7.994959999996354,3.5059304333333334,72828.99,LOSS,-84.85,-3.54,2400.1447575570387,2315.29,DRY
e98ff954-2ada-4a23-87f4-dfaeb59528a3,2026-04-10_153737,0x5a1e622b570b2dbde2cdb905e2635f0c90e4ff538d04e5d36560e2c6a67d3061,2026-04-11T07:26:15.397116+00:00,2026-04-11T07:26:15.506294+00:00,2026-04-11T07:30:05.247533+00:00,BUY_NO,0.15965501476086635,0.11691341182199078,0.12691341182199078,0.69,150.82,0.20469905132579155,0.85,72850.0956,72808.005,-42.0905999999959,3.7437856166666665,72796.79,WIN,67.7597,2.93,2315.294757557039,2383.05,DRY
586f33a4-61fd-4ec4-b073-7253393dee19,2026-04-10_153737,0xa047018d61253846a3dd921742295731988f3c065ebbdcbf66d92939f2c7bebe,2026-04-11T07:31:06.888823+00:00,2026-04-11T07:31:06.968269+00:00,2026-04-11T07:35:05.264528+00:00,BUY_NO,0.2394963649379513,0.18713687113823907,0.18713687113823907,0.55,165.02,0.20792985682026563,1.0,72826.97774,72796.785,-30.192739999998594,3.8853681666666664,72808.34,WIN,135.0164,5.67,2383.054467701966,2518.07,DRY
7f12d3e1-d8b8-4af0-a6d9-3623950123a6,2026-04-10_153737,0x7c812434ec30f05dcafde36c5b2e884f191b9607fcf1aad9f7995126caf7f7df,2026-04-11T07:36:18.730879+00:00,2026-04-11T07:36:18.829079+00:00,2026-04-11T07:40:05.247718+00:00,BUY_NO,0.17891443720332095,0.3276285837185839,0.32762858371858383,0.47,246.04,0.30908356954583377,1.0,72842.25218,72803.545,-38.70717999999761,3.688127016666667,72801.45,WIN,277.4494,11.02,2518.0708313383298,2795.52,DRY
a5b28273-322a-484e-b496-55cc2d68fe53,2026-04-10_153737,0xd5e26a3decb7e8e24c1d47f13abd899d079e37fb433ae0a1453d5eaa367f340f,2026-04-11T07:41:09.793328+00:00,2026-04-11T07:41:09.877256+00:00,2026-04-11T07:45:05.248640+00:00,BUY_NO,0.29157016750516784,0.1650409401214988,0.16504094012149884,0.52,158.06,0.17191764595989462,1.0,72824.78579,72801.455,-23.330789999992703,3.836980083333333,72729.54,WIN,145.9015,5.22,2795.5201930404573,2941.42,DRY
da8bb33d-5eaf-4bd7-b526-1382322df40c,2026-04-10_153737,0x470f347a516ed9ec08412587f1d2e775d0ae8e1f9cfa47715f044d11b09d1ef9,2026-04-11T07:46:21.693768+00:00,2026-04-11T07:46:21.781026+00:00,2026-04-11T07:50:05.257024+00:00,BUY_NO,0.17680659058809933,0.2497138467680911,0.21971384676809114,0.58,119.98,0.2615641032953466,1.0,72764.04163,72725.17499999999,-38.86663000001863,3.63868135,72694.02,WIN,86.8821,2.95,2941.421731501996,3028.3,DRY
4d5472a8-b407-4af3-bdd5-a37801dc75fd,2026-04-10_153737,0x6a842e718efc4b854b3619e6fb63d3bdcbaf9b5d3ccb3d51d71ffb050817468e,2026-04-11T07:51:08.320489+00:00,2026-04-11T07:51:08.418717+00:00,2026-04-11T07:55:05.264262+00:00,BUY_NO,0.1947427493263763,0.13187958780886183,0.13187958780886178,0.65,188.85,0.1883994111555168,1.0,72725.60118,72689.005,-36.59617999999318,3.8616550166666666,72709.5,WIN,101.6885,3.36,3028.303800467513,3129.99,DRY
ab685d0a-f170-498f-a21d-e2e0db2e5523,2026-04-10_153737,0x6ec0a41f118a0aed7cc8991231ed91cb6d3a47f6d5a605d93de0d5fe3cc23152,2026-04-11T07:56:09.472584+00:00,2026-04-11T07:56:09.560076+00:00,2026-04-11T08:00:05.269616+00:00,BUY_NO,0.44404173009769127,0.25257182307564197,0.25257182307564197,0.28,180.81,0.17539709935808473,1.0,72722.06285,72716.095,-5.967850000000908,3.8423689333333333,72750.0,LOSS,-180.81,-5.78,3129.9922620059747,2949.18,DRY
95567c34-5692-4ac4-8698-9e0320356c86,2026-04-10_153737,0xd640bf069ea84af2dd197abe49f75ed696632520b81430f6b7b815c724ca558a,2026-04-11T08:01:00.932582+00:00,2026-04-11T08:01:01.028269+00:00,2026-04-11T08:05:05.255208+00:00,BUY_NO,0.17486251673836156,0.14181610114354323,0.14181610114354326,0.66,178.56,0.2085530899169754,0.85,72769.6133,72729.515,-40.098299999997835,3.9846989833333333,72718.76,WIN,91.9855,3.12,2949.1822620059747,3041.17,DRY
03610ee0-fa73-4a14-a549-251966b0f703,2026-04-10_153737,0x753a41dc0322803a82e8ba72b6767cc80c83e39fd2a48f97cfc3674053972a09,2026-04-11T08:06:12.447375+00:00,2026-04-11T08:06:12.602957+00:00,2026-04-11T08:10:05.255862+00:00,BUY_NO,0.2992858876644521,0.1373050178745955,0.1473050178745955,0.53,180.76,0.1567074658240378,1.0,72747.09599999999,72724.805,-22.29099999999744,3.7928509666666668,72740.31,WIN,160.2966,5.27,3041.1677165514293,3201.46,DRY
81d36530-b9d4-4368-9e2b-05b7e6a61a83,2026-04-10_153737,0xb5a6b329bc094f9802a0b80675ee7158c4f84760cbfe2ead553d79918b0e5ce1,2026-04-11T08:11:23.992860+00:00,2026-04-11T08:11:24.107539+00:00,2026-04-11T08:15:05.245688+00:00,BUY_NO,0.6581337131329058,0.18836920966328466,0.1983692096632847,0.12,129.91,0.11270977821777538,1.0,72767.16993,72784.215,17.045069999992847,3.600351433333333,72770.73,LOSS,-129.91,-4.06,3201.4643203250143,3071.55,DRY
47e8045b-17a0-4c94-add7-6dc34291240d,2026-04-10_153737,0x4d0a1b88c89855b0b813ea027504fd8a8265ea5039ac3e86c57cf8e877ddf75a,2026-04-11T08:16:00.334773+00:00,2026-04-11T08:16:00.419205+00:00,2026-04-11T08:20:05.256703+00:00,BUY_NO,0.2741028187628326,0.22258035608669122,0.22258035608669124,0.48,191.32,0.21401957316028003,0.85,72796.50541,72770.735,-25.770409999997355,3.9946604,72761.98,WIN,207.2633,6.75,3071.5543203250145,3278.82,DRY
b91a6b7b-7de3-4cf1-b64d-ff6a6c30494f,2026-04-10_153737,0x2f4fdb78780a6c192dbbdbb52e81f4a7f2780bdd9a29e38dea1413a3bcc3261d,2026-04-11T08:21:01.515309+00:00,2026-04-11T08:21:01.642579+00:00,2026-04-11T08:25:05.253485+00:00,BUY_NO,0.2763451578275891,0.3303290246105062,0.3303290246105062,0.37,292.88,0.26216589254802075,1.0,72788.43409,72762.985,-25.449089999994612,3.9750134333333333,72752.25,WIN,498.6876,15.21,3278.817653658348,3777.51,DRY
00741e42-c309-4650-9082-c850fd1d641b,2026-04-10_153737,0x0f181c9b7bf2708f4ef79847d1a4ea00183302c3fbb52b022bbfc8e0a61c703b,2026-04-11T08:26:03.075952+00:00,2026-04-11T08:26:03.180160+00:00,2026-04-11T08:30:05.251151+00:00,BUY_NO,0.2688798272217564,0.33778247499538644,0.30778247499538647,0.4,163.98,0.2564853958294887,1.0,72778.61222000001,72752.245,-26.36722000001464,3.9491573166666667,72740.57,WIN,245.97,6.51,3777.505221225915,4023.48,DRY
8260aa54-0bf7-42e9-b704-04db47345a4e,2026-04-10_153737,0x5d56ef2b62ec62aec0703507e4ff11c7ef3d65e9c55082cae5a8fd34cb65f7cd,2026-04-11T08:31:04.814780+00:00,2026-04-11T08:31:04.928391+00:00,2026-04-11T08:35:05.258981+00:00,BUY_NO,0.35463908131387306,0.23200996203088878,0.23200996203088875,0.39,257.09,0.19017210002531867,1.0,72768.16339,72752.245,-15.918390000006184,3.9199869333333335,72716.66,WIN,402.1151,9.99,4023.475221225915,4425.59,DRY
b8bc6d68-62a5-4cc4-82cf-d655b36087aa,2026-04-10_153737,0x8224c9cec15760709ba2ac70a852b02c343fee750b40d91c26318a18682782ee,2026-04-11T08:36:07.000914+00:00,2026-04-11T08:36:07.104277+00:00,2026-04-11T08:40:05.267198+00:00,BUY_NO,0.06349468786921736,0.3431377000774494,0.32313770007744935,0.59,387.03,0.3940703659481089,1.0,72753.5375,72688.525,-65.01250000001164,3.8836315333333333,72725.19,WIN,268.9531,6.08,4425.590349431043,4694.54,DRY
28e6d0dd-eecb-4af5-a236-02079f203161,2026-04-10_153737,0x2d9ad384af129fe2efb0834b186c749517197ece2185189e11c294426792a516,2026-04-11T08:41:07.690222+00:00,2026-04-11T08:41:07.795556+00:00,2026-04-11T08:45:05.267127+00:00,BUY_NO,0.29831020013097753,0.24831693205949867,0.2583169320594986,0.42,404.79,0.22268701039611952,1.0,72738.24936,72715.725,-22.524359999995795,3.8720626,72732.88,WIN,558.9957,11.91,4694.5434002785005,5253.54,DRY
77571f37-70c8-4540-907f-09cddf045d3a,2026-04-10_153737,0x863fb26acbcd29fa38b6471951836932e0177339883adc0b1a03bc23f57fdf7a,2026-04-11T08:46:09.714702+00:00,2026-04-11T08:46:09.797183+00:00,2026-04-11T08:50:05.333500+00:00,BUY_NO,0.31119426992100524,0.29249390609613757,0.26249390609613754,0.4,126.03,0.21874492174678128,1.0,72764.4944,72743.57500000001,-20.919399999984307,3.8383575833333334,72716.08,WIN,189.045,3.6,5253.539114564215,5442.58,DRY
bba613f1-e4f9-4c75-bae0-e9041f6d352f,2026-04-10_153737,0x76280f56db46155f6e4bef2d7a8ea731bf0a526b0b9519831ec195ffef9e62ac,2026-04-11T08:52:31.683229+00:00,2026-04-11T08:52:31.792589+00:00,2026-04-11T08:55:05.252269+00:00,BUY_NO,0.00892755798883077,0.2870596286625977,0.2870596286625977,0.68,523.11,0.448530669785309,1.0,72748.97666,72661.10500000001,-87.87165999998979,2.4721764,72675.77,WIN,246.1694,4.52,5442.584114564215,5688.75,DRY
bf1b5675-d095-4ca6-ba7e-a5694cf95bcd,2026-04-10_153737,0x6afc54f64c8855769bc23275c13100fdbe0f13bed4fc15325f41437cd8fb55bd,2026-04-11T08:56:02.774225+00:00,2026-04-11T08:56:02.890564+00:00,2026-04-11T09:00:05.263496+00:00,BUY_NO,0.2917239933712576,0.36494059452969474,0.3349405945296947,0.35,248.37,0.25764661117668824,1.0,72706.49199000001,72683.045,-23.446990000011283,3.9539994333333337,72655.23,WIN,461.2586,8.11,5688.753526328921,6150.01,DRY
1633db5f-92d7-4c48-900f-a83e18d7118f,2026-04-10_153737,0x9b6585fef1165a1e7fe859e1c99b65b7435ba226dc364d9ebcb3e6b3727276da,2026-04-11T09:21:05.665769+00:00,2026-04-11T09:21:05.769933+00:00,2026-04-11T09:25:05.252344+00:00,BUY_NO,0.5706443249913522,0.0659982339419811,0.06599823394198112,0.34,102.94,0.04999866207725843,1.0,72826.74,72834.36499999999,7.624999999985448,3.9057979,72866.22,LOSS,-102.94,-1.67,6150.0120977574925,6047.07,DRY
e2778803-0146-40e2-afe9-461e375424f0,2026-04-10_153737,0x71858e451ac97ec144118293af919a32088c0b8c5ad7883685b741809aa58dd9,2026-04-11T09:26:06.481415+00:00,2026-04-11T09:26:06.570993+00:00,2026-04-11T09:30:05.247373+00:00,BUY_NO,0.4189250822515442,0.10063172271512241,0.10063172271512238,0.46,186.41,0.09317752103252078,0.85,72884.64,72875.63500000001,-9.004999999990105,3.89225905,72855.34,WIN,218.8291,3.62,6047.072097757493,6265.9,DRY
099ea17d-6142-4a09-8b6f-cd5f9aca58da,2026-04-10_153737,0xb5cdaad0925590ad30c7e315e8ee4e93066df068537b5bd15fe351c1bb1d45e8,2026-04-11T09:31:07.260417+00:00,2026-04-11T09:31:07.344356+00:00,2026-04-11T09:35:05.699854+00:00,BUY_NO,0.15331480557819444,0.15331560143132933,0.15331560143132938,0.67,483.98,0.23229636580504456,1.0,72892.47,72847.61499999999,-44.85500000001048,3.8792623833333333,72764.96,WIN,238.3782,3.8,6265.901228192275,6504.28,DRY
6a780749-008d-44b5-84b2-4798b518e31a,2026-04-10_153737,0xbe765051177badb6557ede6870799e4012a66f9a5c5ea6f48201d5e0388b1de7,2026-04-11T09:36:08.783855+00:00,2026-04-11T09:36:08.861959+00:00,2026-04-11T09:40:05.273474+00:00,BUY_NO,0.6422654465439477,0.14435335571890945,0.14435335571890945,0.19,191.45,0.08910700970303052,1.0,72798.57467999999,72814.86499999999,16.290320000000065,3.8538301833333337,72851.66,LOSS,-191.45,-2.94,6504.279437147499,6312.83,DRY
3d68be3c-5212-4796-95c8-f88494aa8576,2026-04-10_153737,0x22b298c07950930b4e681ebffcfc7e39db144d74986f10888d2371e7ce588b26,2026-04-11T09:41:00.035278+00:00,2026-04-11T09:41:00.128458+00:00,2026-04-11T09:45:05.359213+00:00,BUY_NO,0.2065878554435262,0.22009760113552138,0.22009760113552135,0.55,449.87,0.24455289015057932,0.85,72872.56040885438,72835.005,-37.55540885437222,3.9996383166666667,72833.03,WIN,368.0755,5.83,6312.829437147499,6680.9,DRY
ada0fef1-4b2a-45ef-9527-821e428858be,2026-04-10_153737,0x41eef848c92378e6d2c5259960d4fc706853df491f505cd75beccfb31295486f,2026-04-11T09:46:42.329619+00:00,2026-04-11T09:46:42.433629+00:00,2026-04-11T09:50:05.253106+00:00,BUY_NO,0.4849138846429413,0.28144933289610635,0.3014493328961063,0.19,409.61,0.18607983512105328,1.0,72858.9786,72857.42499999999,-1.5536000000138301,3.294876533333333,72838.68,WIN,1746.2321,26.14,6680.904891692954,8427.14,DRY
4a3520fd-8c48-46c2-8bbe-a01c735ea59f,2026-04-10_153737,0xbac152e7df48799d141379b1b2216b7ab30c1012f23139e99ba87d191e4f78a5,2026-04-11T09:51:13.515862+00:00,2026-04-11T09:51:13.624054+00:00,2026-04-11T09:55:05.248610+00:00,BUY_NO,0.2685652905757608,0.21801745964138214,0.2280174596413821,0.48,697.48,0.2192475573474828,1.0,72865.02,72837.735,-27.285000000003492,3.775021983333333,72848.98,WIN,755.6033,8.97,8427.136996956113,9182.74,DRY
3c0d0426-90d9-45b9-878b-0237b00cb453,2026-04-10_153737,0x250a2a336405892d9a993f08c87971d1eefac7481c038e99098e0779bdee56b7,2026-04-11T09:56:04.935699+00:00,2026-04-11T09:56:05.043683+00:00,2026-04-11T10:00:05.273641+00:00,BUY_NO,0.37390559597674566,0.30982354124325434,0.2698235412432543,0.33,181.11,0.2013608516740704,1.0,72878.77317,72864.36499999999,-14.408170000009704,3.917968233333333,72915.94,LOSS,-181.11,-1.97,9182.740330289445,9001.63,DRY
90aa6e4d-d043-421d-9822-6418679d3462,2026-04-10_153737,0x6645bf365676fd8b7651bb315c708d52ee7ed92765a1afde7ffaf5f57e666f59,2026-04-11T10:01:07.400545+00:00,2026-04-11T10:01:07.482792+00:00,2026-04-11T10:05:05.266073+00:00,BUY_NO,0.2549196948248149,0.21170964932756603,0.21170964932756597,0.51,549.28,0.21603025441588367,0.85,72934.97,72905.67499999999,-29.295000000012806,3.8769458,72887.04,WIN,527.7396,5.86,9001.630330289445,9529.37,DRY
9a52964a-00bc-48f6-ad82-a4437d3c5c14,2026-04-10_153737,0x438f9f097069802e07ebacbc7866996712d42a9adf882e489d613b14e2a90baa,2026-04-11T10:06:29.462908+00:00,2026-04-11T10:06:29.589244+00:00,2026-04-11T10:10:05.255214+00:00,BUY_NO,0.1452113670835612,0.12124988369739122,0.1212498836973912,0.71,599.22,0.2090515236161917,1.0,72907.43093,72862.525,-44.905930000008084,3.5092785333333336,72897.77,WIN,244.7518,2.57,9529.369938132582,9774.12,DRY
7ba4d361-a730-4867-8f7e-0746c8c39717,2026-04-10_153737,0x67dec62b55cff0f9fed99909a02fead60085954128d199092c04cf37b6c164c1,2026-04-11T10:11:06.831921+00:00,2026-04-11T10:11:06.952484+00:00,2026-04-11T10:15:05.257702+00:00,BUY_NO,0.21514969425624103,0.0914839823380447,0.08148398233804466,0.68,345.48,0.1273187224031948,1.0,72925.56078,72890.235,-35.32577999999921,3.8867059166666666,72810.14,WIN,162.5788,1.66,9774.121769118497,9936.7,DRY
49fd8dba-5b88-4adb-8352-639023cb0690,2026-04-10_153737,0x5cf8777dae195b4d21b514011c4b5e1842c68c60ab341448c5bf316b64d97429,2026-04-11T10:16:08.237368+00:00,2026-04-11T10:16:08.336530+00:00,2026-04-11T10:20:05.248967+00:00,BUY_NO,0.1346744824893179,0.11194848229544402,0.11194848229544396,0.73,682.12,0.20731200425082216,1.0,72840.59341999999,72790.0,-50.59341999999015,3.8631509166666667,72807.53,WIN,252.291,2.54,9936.700592647909,10188.99,DRY
0e8bcf7a-60f8-421f-b911-43b01340d8e5,2026-04-10_153737,0xd1d8ebfd3ecb6024860df38f40c93d878afc5c32528cfb08151026ef8714a058,2026-04-11T10:21:19.711357+00:00,2026-04-11T10:21:19.800130+00:00,2026-04-11T10:25:05.250131+00:00,BUY_NO,0.398032318463796,0.298503226968585,0.298503226968585,0.28,664.72,0.20729390761707292,1.0,72837.2289,72825.595,-11.633900000000722,3.6717083333333336,72851.63,LOSS,-664.72,-6.52,10188.991551552019,9524.27,DRY
15c3c5a2-afd8-4ea3-b1be-be00e0147e93,2026-04-10_153737,0x2e541aaeec17123d767066ac79b58daed90b9a0c09c74620eac3f05f331ed0d7,2026-04-11T10:26:06.720340+00:00,2026-04-11T10:26:06.816797+00:00,2026-04-11T10:30:05.264587+00:00,BUY_NO,0.25948647769841016,0.16714805020254217,0.1671480502025422,0.55,501.1,0.18572005578060244,0.85,72876.73542,72847.195,-29.540419999990263,3.888286616666667,72867.93,WIN,409.9909,4.3,9524.27155155202,9934.26,DRY
6cdd70fa-3aef-4638-82d2-dcf6a95c5df6,2026-04-10_153737,0xc104725a9b71373cf1fe103f88b4288c27be0614c23de0721fb3a02f8278a4ad,2026-04-11T10:31:07.442581+00:00,2026-04-11T10:31:07.544392+00:00,2026-04-11T10:35:05.259552+00:00,BUY_NO,0.25388614827643613,0.0727428813235639,0.07274288132356388,0.65,343.0,0.10391840189080556,1.0,72898.2563,72867.935,-30.321299999995972,3.8762103999999997,72867.92,WIN,184.6923,1.86,9934.262460642929,10118.95,DRY
a804b961-0998-424c-b341-31ff1bbb3433,2026-04-10_153737,0x0b927f62c9fc9619b23513d291154a96ce7e9befa2bab52b7ecee823f1b87f8c,2026-04-11T10:41:00.097616+00:00,2026-04-11T10:41:00.191466+00:00,2026-04-11T10:45:05.245420+00:00,BUY_NO,0.2952668582495859,0.28141812651231884,0.26141812651231894,0.42,521.07,0.22536045388993012,1.0,72838.78,72813.965,-24.81500000000233,3.99869265,72783.36,WIN,719.5729,7.11,10118.954768335238,10838.53,DRY
7c4ee1bc-92d7-4c4e-8d30-2283eacb2c0a,2026-04-10_153737,0xbb166aa2b3f007c926d3137b7def41abe7eb82e96f8ba2c8c9baba2886f250bb,2026-04-11T10:46:01.740585+00:00,2026-04-11T10:46:01.835497+00:00,2026-04-11T10:50:05.253255+00:00,BUY_NO,0.25654072154180174,0.15013174987915068,0.1901317498791506,0.53,870.62,0.20226781902037297,1.0,72810.82311,72780.83499999999,-29.98811000000569,3.9712759,72783.95,WIN,772.0592,7.12,10838.527625478095,11610.59,DRY
b9c9f95a-32d7-4063-9d47-a7dce5b16191,2026-04-10_153737,0x305b7fd776290c3b51ac4f6fb9bd4b67d836502d3aed8724198f81c85a73c976,2026-04-11T10:51:23.335328+00:00,2026-04-11T10:51:23.423086+00:00,2026-04-11T10:55:05.263032+00:00,BUY_NO,0.5144225479894295,0.30208538620485614,0.31208538620485615,0.15,769.74,0.18357963894403304,1.0,72813.3378,72814.935,1.5972000000037951,3.6113159666666665,72825.81,LOSS,-769.74,-6.63,11610.586870761113,10840.85,DRY
a7b7919b-00de-4db9-b79d-296f108df015,2026-04-10_153737,0x97105f627dfcc947da128d32ca8790c06f27143451ae729649f17da8f9e7f8c6,2026-04-11T10:56:29.886969+00:00,2026-04-11T10:56:29.972268+00:00,2026-04-11T11:00:05.275205+00:00,BUY_NO,0.4182260133340695,0.30823200438783527,0.2582320043878353,0.3,148.81,0.18445143170559664,0.85,72854.79693,72845.935,-8.86192999999912,3.502137466666667,72834.05,WIN,347.2233,3.2,10840.846870761114,11188.07,DRY
1ac20a8d-a579-4f29-84e0-9336505de02b,2026-04-10_153737,0x56b97553f17a79a3b1c33023df0f022c0eb3c91c4bfc4d9500d77c03d1f9ba95,2026-04-11T11:01:06.401168+00:00,2026-04-11T11:01:06.515862+00:00,2026-04-11T11:05:05.258928+00:00,BUY_NO,0.21443936916814132,0.0821975937575729,0.07219759375757295,0.69,362.34,0.11644773186705315,1.0,72869.9465,72834.045,-35.90150000000722,3.8936261666666665,72842.82,WIN,162.7904,1.46,11188.070204094447,11350.86,DRY
149e9f96-fc5e-407d-b0dc-156a40cb9c30,2026-04-10_153737,0x14ac9163dd2423361ce547ae0f124aa1d06741a72d6295d622c2e203df1fa445,2026-04-11T11:06:18.457638+00:00,2026-04-11T11:06:18.564431+00:00,2026-04-11T11:10:05.251339+00:00,BUY_NO,0.4983629538836485,0.16818214807444676,0.16818214807444676,0.31,437.85,0.12187112179307737,1.0,72870.88336909807,72870.715,-0.1683690980717074,3.6927052833333334,72880.33,LOSS,-437.85,-3.86,11350.860638877055,10913.01,DRY
b9f07e4d-bc6d-4941-9a1f-920d91da9c28,2026-04-10_153737,0xdd24dbc8a1d0eba4a54355d066157e5caf679688d6a81e7697496e6227af2f8f,2026-04-11T11:11:00.511639+00:00,2026-04-11T11:11:00.652211+00:00,2026-04-11T11:15:05.258097+00:00,BUY_NO,0.21511839574697444,0.12156344072540648,0.07156344072540655,0.69,106.85,0.115424904395817,0.85,72908.23341,72872.055,-36.178410000007716,3.9917591666666667,72865.79,WIN,48.0051,0.44,10913.010638877055,10961.02,DRY
c5603877-d880-4fdc-8879-648b5a94bdd9,2026-04-10_153737,0x20c0e157aec7ca7ddd93a54bb69b4a00aad81886b17c591babbd9a6ed35f89ab,2026-04-11T11:16:01.822868+00:00,2026-04-11T11:16:01.933863+00:00,2026-04-11T11:20:05.248860+00:00,BUY_NO,0.2778286275405857,0.16592719368512857,0.14592719368512852,0.55,302.38,0.16214132631680944,1.0,72897.07403,72871.785,-25.28902999999991,3.96989275,72843.19,WIN,247.4018,2.26,10961.015711340822,11208.42,DRY
8306498c-a14f-43ac-a2e6-d463f9ad952e,2026-04-10_153737,0x7fda1fe77e314600b66d9ef8299be0b30cbd9d02c9994ac84b0c2ced98b52d7d,2026-04-11T11:21:03.098504+00:00,2026-04-11T11:21:03.245680+00:00,2026-04-11T11:25:05.267964+00:00,BUY_NO,0.31191718816467934,0.20474499857055867,0.19474499857055871,0.47,580.86,0.18372169676467803,1.0,72872.50503403653,72851.495,-21.01003403653158,3.9490433166666667,72868.11,WIN,655.0123,5.84,11208.41752952264,11863.43,DRY
45567007-fecc-4554-8881-3263845fe569,2026-04-10_153737,0xd3ab8c4bbe0205367be6828f9c0871295a25d594b17f99e16de07288201397a1,2026-04-11T11:26:04.458492+00:00,2026-04-11T11:26:04.546935+00:00,2026-04-11T11:30:05.260780+00:00,BUY_NO,0.2028355244535056,0.1738162379312563,0.18381623793125634,0.59,1044.06,0.22416614381860528,1.0,72894.88444000001,72859.295,-35.589440000010654,3.9259498500000003,72833.03,WIN,725.5332,6.12,11863.429869948171,12588.96,DRY
da70b2b5-f02e-478b-81c1-5bc6b058e050,2026-04-10_153737,0x7fda8176b92b814b573732c14a6c3368b9a7c77e354f40d64f2f66898d37c54f,2026-04-11T11:31:05.490834+00:00,2026-04-11T11:31:05.630429+00:00,2026-04-11T11:35:05.252683+00:00,BUY_NO,0.2247657422209905,0.19187814895615224,0.1918781489561523,0.56,919.65,0.21804335108653672,1.0,72861.29979,72828.985,-32.314790000003995,3.9087252,72841.3,WIN,722.5821,5.74,12588.963090287154,13311.55,DRY
